Date_reported,Country_code,Country,WHO_region,New_cases,Cumulative_cases,New_deaths,Cumulative_deaths
2020-01-05,AD,Andorra,EURO,,0.0,0.0,0.0
2020-01-06,AD,Andorra,EURO,,,0.0,
2020-01-07,AD,Andorra,EURO,,,0.0,
2020-01-08,AD,Andorra,EURO,,,0.0,
2020-01-09,AD,Andorra,EURO,,,0.0,
2020-01-10,AD,Andorra,EURO,,,0.0,
2020-01-11,AD,Andorra,EURO,,,0.0,
2020-01-12,AD,Andorra,EURO,,0.0,0.0,0.0
2020-01-13,AD,Andorra,EURO,,,0.0,
2020-01-14,AD,Andorra,EURO,,,0.0,
2020-01-15,AD,Andorra,EURO,,,0.0,
2020-01-16,AD,Andorra,EURO,,,0.0,
2020-01-17,AD,Andorra,EURO,,,0.0,
2020-01-18,AD,Andorra,EURO,,,0.0,
2020-01-19,AD,Andorra,EURO,,0.0,0.0,0.0
2020-01-20,AD,Andorra,EURO,,,0.0,
2020-01-21,AD,Andorra,EURO,,,0.0,
2020-01-22,AD,Andorra,EURO,,,0.0,
2020-01-23,AD,Andorra,EURO,,,0.0,
2020-01-24,AD,Andorra,EURO,,,0.0,
2020-01-25,AD,Andorra,EURO,,,0.0,
2020-01-26,AD,Andorra,EURO,,0.0,0.0,0.0
2020-01-27,AD,Andorra,EURO,,,0.0,
2020-01-28,AD,Andorra,EURO,,,0.0,
2020-01-29,AD,Andorra,EURO,,,0.0,
2020-01-30,AD,Andorra,EURO,,,0.0,
2020-01-31,AD,Andorra,EURO,,,0.0,
2020-02-01,AD,Andorra,EURO,,,0.0,
2020-02-02,AD,Andorra,EURO,,0.0,0.0,0.0
2020-02-03,AD,Andorra,EURO,,,0.0,
2020-02-04,AD,Andorra,EURO,,,0.0,
2020-02-05,AD,Andorra,EURO,,,0.0,
2020-02-06,AD,Andorra,EURO,,,0.0,
2020-02-07,AD,Andorra,EURO,,,0.0,
2020-02-08,AD,Andorra,EURO,,,0.0,
2020-02-09,AD,Andorra,EURO,,0.0,0.0,0.0
2020-02-10,AD,Andorra,EURO,,,0.0,
2020-02-11,AD,Andorra,EURO,,,0.0,
2020-02-12,AD,Andorra,EURO,,,0.0,
2020-02-13,AD,Andorra,EURO,,,0.0,
2020-02-14,AD,Andorra,EURO,,,0.0,
2020-02-15,AD,Andorra,EURO,,,0.0,
2020-02-16,AD,Andorra,EURO,,0.0,0.0,0.0
2020-02-17,AD,Andorra,EURO,,,0.0,
2020-02-18,AD,Andorra,EURO,,,0.0,
2020-02-19,AD,Andorra,EURO,,,0.0,
2020-02-20,AD,Andorra,EURO,,,0.0,
2020-02-21,AD,Andorra,EURO,,,0.0,
2020-02-22,AD,Andorra,EURO,,,0.0,
2020-02-23,AD,Andorra,EURO,,0.0,0.0,0.0
2020-02-24,AD,Andorra,EURO,,,0.0,
2020-02-25,AD,Andorra,EURO,,,0.0,
2020-02-26,AD,Andorra,EURO,,,0.0,
2020-02-27,AD,Andorra,EURO,,,0.0,
2020-02-28,AD,Andorra,EURO,,,0.0,
2020-02-29,AD,Andorra,EURO,,,0.0,
2020-03-01,AD,Andorra,EURO,,0.0,0.0,0.0
2020-03-02,AD,Andorra,EURO,,,0.0,
2020-03-03,AD,Andorra,EURO,,,0.0,
2020-03-04,AD,Andorra,EURO,,,0.0,
2020-03-05,AD,Andorra,EURO,,,0.0,
2020-03-06,AD,Andorra,EURO,,,0.0,
2020-03-07,AD,Andorra,EURO,,,0.0,
2020-03-08,AD,Andorra,EURO,1.0,1.0,0.0,0.0
2020-03-09,AD,Andorra,EURO,,,0.0,
2020-03-10,AD,Andorra,EURO,,,0.0,
2020-03-11,AD,Andorra,EURO,,,0.0,
2020-03-12,AD,Andorra,EURO,,,0.0,
2020-03-13,AD,Andorra,EURO,,,0.0,
2020-03-14,AD,Andorra,EURO,,,0.0,
2020-03-15,AD,Andorra,EURO,1.0,2.0,0.0,0.0
2020-03-16,AD,Andorra,EURO,,,0.0,
2020-03-17,AD,Andorra,EURO,,,0.0,
2020-03-18,AD,Andorra,EURO,,,0.0,
2020-03-19,AD,Andorra,EURO,,,0.0,
2020-03-20,AD,Andorra,EURO,,,0.0,
2020-03-21,AD,Andorra,EURO,,,0.0,
2020-03-22,AD,Andorra,EURO,131.0,133.0,1.0,1.0
2020-03-23,AD,Andorra,EURO,,,0.0,
2020-03-24,AD,Andorra,EURO,,,0.0,
2020-03-25,AD,Andorra,EURO,,,0.0,
2020-03-26,AD,Andorra,EURO,,,0.0,
2020-03-27,AD,Andorra,EURO,,,0.0,
2020-03-28,AD,Andorra,EURO,,,0.0,
2020-03-29,AD,Andorra,EURO,208.0,341.0,5.0,6.0
2020-03-30,AD,Andorra,EURO,,,0.0,
2020-03-31,AD,Andorra,EURO,,,0.0,
2020-04-01,AD,Andorra,EURO,,,0.0,
2020-04-02,AD,Andorra,EURO,,,0.0,
2020-04-03,AD,Andorra,EURO,,,0.0,
2020-04-04,AD,Andorra,EURO,,,0.0,
2020-04-05,AD,Andorra,EURO,125.0,466.0,11.0,17.0
2020-04-06,AD,Andorra,EURO,,,0.0,
2020-04-07,AD,Andorra,EURO,,,0.0,
2020-04-08,AD,Andorra,EURO,,,0.0,
2020-04-09,AD,Andorra,EURO,,,0.0,
2020-04-10,AD,Andorra,EURO,,,0.0,
2020-04-11,AD,Andorra,EURO,,,0.0,
2020-04-12,AD,Andorra,EURO,156.0,622.0,11.0,28.0
2020-04-13,AD,Andorra,EURO,,,0.0,
2020-04-14,AD,Andorra,EURO,,,0.0,
2020-04-15,AD,Andorra,EURO,,,0.0,
2020-04-16,AD,Andorra,EURO,,,0.0,
2020-04-17,AD,Andorra,EURO,,,0.0,
2020-04-18,AD,Andorra,EURO,,,0.0,
2020-04-19,AD,Andorra,EURO,82.0,704.0,7.0,35.0
2020-04-20,AD,Andorra,EURO,,,0.0,
2020-04-21,AD,Andorra,EURO,,,0.0,
2020-04-22,AD,Andorra,EURO,,,0.0,
2020-04-23,AD,Andorra,EURO,,,0.0,
2020-04-24,AD,Andorra,EURO,,,0.0,
2020-04-25,AD,Andorra,EURO,,,0.0,
2020-04-26,AD,Andorra,EURO,34.0,738.0,5.0,40.0
2020-04-27,AD,Andorra,EURO,,,0.0,
2020-04-28,AD,Andorra,EURO,,,0.0,
2020-04-29,AD,Andorra,EURO,,,0.0,
2020-04-30,AD,Andorra,EURO,,,0.0,
2020-05-01,AD,Andorra,EURO,,,0.0,
2020-05-02,AD,Andorra,EURO,,,0.0,
2020-05-03,AD,Andorra,EURO,9.0,747.0,4.0,44.0
2020-05-04,AD,Andorra,EURO,,,0.0,
2020-05-05,AD,Andorra,EURO,,,0.0,
2020-05-06,AD,Andorra,EURO,,,0.0,
2020-05-07,AD,Andorra,EURO,,,0.0,
2020-05-08,AD,Andorra,EURO,,,0.0,
2020-05-09,AD,Andorra,EURO,,,0.0,
2020-05-10,AD,Andorra,EURO,7.0,754.0,4.0,48.0
2020-05-11,AD,Andorra,EURO,,,0.0,
2020-05-12,AD,Andorra,EURO,,,0.0,
2020-05-13,AD,Andorra,EURO,,,0.0,
2020-05-14,AD,Andorra,EURO,,,0.0,
2020-05-15,AD,Andorra,EURO,,,0.0,
2020-05-16,AD,Andorra,EURO,,,0.0,
2020-05-17,AD,Andorra,EURO,7.0,761.0,3.0,51.0
2020-05-18,AD,Andorra,EURO,,,0.0,
2020-05-19,AD,Andorra,EURO,,,0.0,
2020-05-20,AD,Andorra,EURO,,,0.0,
2020-05-21,AD,Andorra,EURO,,,0.0,
2020-05-22,AD,Andorra,EURO,,,0.0,
2020-05-23,AD,Andorra,EURO,,,0.0,
2020-05-24,AD,Andorra,EURO,2.0,763.0,0.0,51.0
2020-05-25,AD,Andorra,EURO,,,0.0,
2020-05-26,AD,Andorra,EURO,,,0.0,
2020-05-27,AD,Andorra,EURO,,,0.0,
2020-05-28,AD,Andorra,EURO,,,0.0,
2020-05-29,AD,Andorra,EURO,,,0.0,
2020-05-30,AD,Andorra,EURO,,,0.0,
2020-05-31,AD,Andorra,EURO,1.0,764.0,0.0,51.0
2020-06-01,AD,Andorra,EURO,,,0.0,
2020-06-02,AD,Andorra,EURO,,,0.0,
2020-06-03,AD,Andorra,EURO,,,0.0,
2020-06-04,AD,Andorra,EURO,,,0.0,
2020-06-05,AD,Andorra,EURO,,,0.0,
2020-06-06,AD,Andorra,EURO,,,0.0,
2020-06-07,AD,Andorra,EURO,88.0,852.0,0.0,51.0
2020-06-08,AD,Andorra,EURO,,,0.0,
2020-06-09,AD,Andorra,EURO,,,0.0,
2020-06-10,AD,Andorra,EURO,,,0.0,
2020-06-11,AD,Andorra,EURO,,,0.0,
2020-06-12,AD,Andorra,EURO,,,0.0,
2020-06-13,AD,Andorra,EURO,,,0.0,
2020-06-14,AD,Andorra,EURO,1.0,853.0,0.0,51.0
2020-06-15,AD,Andorra,EURO,,,0.0,
2020-06-16,AD,Andorra,EURO,,,0.0,
2020-06-17,AD,Andorra,EURO,,,0.0,
2020-06-18,AD,Andorra,EURO,,,0.0,
2020-06-19,AD,Andorra,EURO,,,0.0,
2020-06-20,AD,Andorra,EURO,,,0.0,
2020-06-21,AD,Andorra,EURO,2.0,855.0,1.0,52.0
2020-06-22,AD,Andorra,EURO,,,0.0,
2020-06-23,AD,Andorra,EURO,,,0.0,
2020-06-24,AD,Andorra,EURO,,,0.0,
2020-06-25,AD,Andorra,EURO,,,0.0,
2020-06-26,AD,Andorra,EURO,,,0.0,
2020-06-27,AD,Andorra,EURO,,,0.0,
2020-06-28,AD,Andorra,EURO,,855.0,0.0,52.0
2020-06-29,AD,Andorra,EURO,,,0.0,
2020-06-30,AD,Andorra,EURO,,,0.0,
2020-07-01,AD,Andorra,EURO,,,0.0,
2020-07-02,AD,Andorra,EURO,,,0.0,
2020-07-03,AD,Andorra,EURO,,,0.0,
2020-07-04,AD,Andorra,EURO,,,0.0,
2020-07-05,AD,Andorra,EURO,,855.0,0.0,52.0
2020-07-06,AD,Andorra,EURO,,,0.0,
2020-07-07,AD,Andorra,EURO,,,0.0,
2020-07-08,AD,Andorra,EURO,,,0.0,
2020-07-09,AD,Andorra,EURO,,,0.0,
2020-07-10,AD,Andorra,EURO,,,0.0,
2020-07-11,AD,Andorra,EURO,,,0.0,
2020-07-12,AD,Andorra,EURO,,855.0,0.0,52.0
2020-07-13,AD,Andorra,EURO,,,0.0,
2020-07-14,AD,Andorra,EURO,,,0.0,
2020-07-15,AD,Andorra,EURO,,,0.0,
2020-07-16,AD,Andorra,EURO,,,0.0,
2020-07-17,AD,Andorra,EURO,,,0.0,
2020-07-18,AD,Andorra,EURO,,,0.0,
2020-07-19,AD,Andorra,EURO,25.0,880.0,0.0,52.0
2020-07-20,AD,Andorra,EURO,,,0.0,
2020-07-21,AD,Andorra,EURO,,,0.0,
2020-07-22,AD,Andorra,EURO,,,0.0,
2020-07-23,AD,Andorra,EURO,,,0.0,
2020-07-24,AD,Andorra,EURO,,,0.0,
2020-07-25,AD,Andorra,EURO,,,0.0,
2020-07-26,AD,Andorra,EURO,17.0,897.0,0.0,52.0
2020-07-27,AD,Andorra,EURO,,,0.0,
2020-07-28,AD,Andorra,EURO,,,0.0,
2020-07-29,AD,Andorra,EURO,,,0.0,
2020-07-30,AD,Andorra,EURO,,,0.0,
2020-07-31,AD,Andorra,EURO,,,0.0,
2020-08-01,AD,Andorra,EURO,,,0.0,
2020-08-02,AD,Andorra,EURO,33.0,930.0,0.0,52.0
2020-08-03,AD,Andorra,EURO,,,0.0,
2020-08-04,AD,Andorra,EURO,,,0.0,
2020-08-05,AD,Andorra,EURO,,,0.0,
2020-08-06,AD,Andorra,EURO,,,0.0,
2020-08-07,AD,Andorra,EURO,,,0.0,
2020-08-08,AD,Andorra,EURO,,,0.0,
2020-08-09,AD,Andorra,EURO,26.0,956.0,0.0,52.0
2020-08-10,AD,Andorra,EURO,,,0.0,
2020-08-11,AD,Andorra,EURO,,,0.0,
2020-08-12,AD,Andorra,EURO,,,0.0,
2020-08-13,AD,Andorra,EURO,,,0.0,
2020-08-14,AD,Andorra,EURO,,,0.0,
2020-08-15,AD,Andorra,EURO,,,0.0,
2020-08-16,AD,Andorra,EURO,41.0,997.0,1.0,53.0
2020-08-17,AD,Andorra,EURO,,,0.0,
2020-08-18,AD,Andorra,EURO,,,0.0,
2020-08-19,AD,Andorra,EURO,,,0.0,
2020-08-20,AD,Andorra,EURO,,,0.0,
2020-08-21,AD,Andorra,EURO,,,0.0,
2020-08-22,AD,Andorra,EURO,,,0.0,
2020-08-23,AD,Andorra,EURO,50.0,1047.0,0.0,53.0
2020-08-24,AD,Andorra,EURO,,,0.0,
2020-08-25,AD,Andorra,EURO,,,0.0,
2020-08-26,AD,Andorra,EURO,,,0.0,
2020-08-27,AD,Andorra,EURO,,,0.0,
2020-08-28,AD,Andorra,EURO,,,0.0,
2020-08-29,AD,Andorra,EURO,,,0.0,
2020-08-30,AD,Andorra,EURO,77.0,1124.0,0.0,53.0
2020-08-31,AD,Andorra,EURO,,,0.0,
2020-09-01,AD,Andorra,EURO,,,0.0,
2020-09-02,AD,Andorra,EURO,,,0.0,
2020-09-03,AD,Andorra,EURO,,,0.0,
2020-09-04,AD,Andorra,EURO,,,0.0,
2020-09-05,AD,Andorra,EURO,,,0.0,
2020-09-06,AD,Andorra,EURO,91.0,1215.0,0.0,53.0
2020-09-07,AD,Andorra,EURO,,,0.0,
2020-09-08,AD,Andorra,EURO,,,0.0,
2020-09-09,AD,Andorra,EURO,,,0.0,
2020-09-10,AD,Andorra,EURO,,,0.0,
2020-09-11,AD,Andorra,EURO,,,0.0,
2020-09-12,AD,Andorra,EURO,,,0.0,
2020-09-13,AD,Andorra,EURO,129.0,1344.0,0.0,53.0
2020-09-14,AD,Andorra,EURO,,,0.0,
2020-09-15,AD,Andorra,EURO,,,0.0,
2020-09-16,AD,Andorra,EURO,,,0.0,
2020-09-17,AD,Andorra,EURO,,,0.0,
2020-09-18,AD,Andorra,EURO,,,0.0,
2020-09-19,AD,Andorra,EURO,,,0.0,
2020-09-20,AD,Andorra,EURO,220.0,1564.0,0.0,53.0
2020-09-21,AD,Andorra,EURO,,,0.0,
2020-09-22,AD,Andorra,EURO,,,0.0,
2020-09-23,AD,Andorra,EURO,,,0.0,
2020-09-24,AD,Andorra,EURO,,,0.0,
2020-09-25,AD,Andorra,EURO,,,0.0,
2020-09-26,AD,Andorra,EURO,,,0.0,
2020-09-27,AD,Andorra,EURO,272.0,1836.0,0.0,53.0
2020-09-28,AD,Andorra,EURO,,,0.0,
2020-09-29,AD,Andorra,EURO,,,0.0,
2020-09-30,AD,Andorra,EURO,,,0.0,
2020-10-01,AD,Andorra,EURO,,,0.0,
2020-10-02,AD,Andorra,EURO,,,0.0,
2020-10-03,AD,Andorra,EURO,,,0.0,
2020-10-04,AD,Andorra,EURO,274.0,2110.0,0.0,53.0
2020-10-05,AD,Andorra,EURO,,,0.0,
2020-10-06,AD,Andorra,EURO,,,0.0,
2020-10-07,AD,Andorra,EURO,,,0.0,
2020-10-08,AD,Andorra,EURO,,,0.0,
2020-10-09,AD,Andorra,EURO,,,0.0,
2020-10-10,AD,Andorra,EURO,,,0.0,
2020-10-11,AD,Andorra,EURO,586.0,2696.0,2.0,55.0
2020-10-12,AD,Andorra,EURO,,,0.0,
2020-10-13,AD,Andorra,EURO,,,0.0,
2020-10-14,AD,Andorra,EURO,,,0.0,
2020-10-15,AD,Andorra,EURO,,,0.0,
2020-10-16,AD,Andorra,EURO,,,0.0,
2020-10-17,AD,Andorra,EURO,,,0.0,
2020-10-18,AD,Andorra,EURO,681.0,3377.0,4.0,59.0
2020-10-19,AD,Andorra,EURO,,,0.0,
2020-10-20,AD,Andorra,EURO,,,0.0,
2020-10-21,AD,Andorra,EURO,,,0.0,
2020-10-22,AD,Andorra,EURO,,,0.0,
2020-10-23,AD,Andorra,EURO,,,0.0,
2020-10-24,AD,Andorra,EURO,,,0.0,
2020-10-25,AD,Andorra,EURO,661.0,4038.0,10.0,69.0
2020-10-26,AD,Andorra,EURO,,,0.0,
2020-10-27,AD,Andorra,EURO,,,0.0,
2020-10-28,AD,Andorra,EURO,,,0.0,
2020-10-29,AD,Andorra,EURO,,,0.0,
2020-10-30,AD,Andorra,EURO,,,0.0,
2020-10-31,AD,Andorra,EURO,,,0.0,
2020-11-01,AD,Andorra,EURO,718.0,4756.0,6.0,75.0
2020-11-02,AD,Andorra,EURO,,,0.0,
2020-11-03,AD,Andorra,EURO,,,0.0,
2020-11-04,AD,Andorra,EURO,,,0.0,
2020-11-05,AD,Andorra,EURO,,,0.0,
2020-11-06,AD,Andorra,EURO,,,0.0,
2020-11-07,AD,Andorra,EURO,,,0.0,
2020-11-08,AD,Andorra,EURO,563.0,5319.0,0.0,75.0
2020-11-09,AD,Andorra,EURO,,,0.0,
2020-11-10,AD,Andorra,EURO,,,0.0,
2020-11-11,AD,Andorra,EURO,,,0.0,
2020-11-12,AD,Andorra,EURO,,,0.0,
2020-11-13,AD,Andorra,EURO,,,0.0,
2020-11-14,AD,Andorra,EURO,,,0.0,
2020-11-15,AD,Andorra,EURO,406.0,5725.0,0.0,75.0
2020-11-16,AD,Andorra,EURO,,,0.0,
2020-11-17,AD,Andorra,EURO,,,0.0,
2020-11-18,AD,Andorra,EURO,,,0.0,
2020-11-19,AD,Andorra,EURO,,,0.0,
2020-11-20,AD,Andorra,EURO,,,0.0,
2020-11-21,AD,Andorra,EURO,,,0.0,
2020-11-22,AD,Andorra,EURO,482.0,6207.0,1.0,76.0
2020-11-23,AD,Andorra,EURO,,,0.0,
2020-11-24,AD,Andorra,EURO,,,0.0,
2020-11-25,AD,Andorra,EURO,,,0.0,
2020-11-26,AD,Andorra,EURO,,,0.0,
2020-11-27,AD,Andorra,EURO,,,0.0,
2020-11-28,AD,Andorra,EURO,,,0.0,
2020-11-29,AD,Andorra,EURO,403.0,6610.0,0.0,76.0
2020-11-30,AD,Andorra,EURO,,,0.0,
2020-12-01,AD,Andorra,EURO,,,0.0,
2020-12-02,AD,Andorra,EURO,,,0.0,
2020-12-03,AD,Andorra,EURO,,,0.0,
2020-12-04,AD,Andorra,EURO,,,0.0,
2020-12-05,AD,Andorra,EURO,,,0.0,
2020-12-06,AD,Andorra,EURO,395.0,7005.0,2.0,78.0
2020-12-07,AD,Andorra,EURO,,,0.0,
2020-12-08,AD,Andorra,EURO,,,0.0,
2020-12-09,AD,Andorra,EURO,,,0.0,
2020-12-10,AD,Andorra,EURO,,,0.0,
2020-12-11,AD,Andorra,EURO,,,0.0,
2020-12-12,AD,Andorra,EURO,,,0.0,
2020-12-13,AD,Andorra,EURO,283.0,7288.0,0.0,78.0
2020-12-14,AD,Andorra,EURO,,,0.0,
2020-12-15,AD,Andorra,EURO,,,0.0,
2020-12-16,AD,Andorra,EURO,,,0.0,
2020-12-17,AD,Andorra,EURO,,,0.0,
2020-12-18,AD,Andorra,EURO,,,0.0,
2020-12-19,AD,Andorra,EURO,,,0.0,
2020-12-20,AD,Andorra,EURO,272.0,7560.0,2.0,80.0
2020-12-21,AD,Andorra,EURO,,,0.0,
2020-12-22,AD,Andorra,EURO,,,0.0,
2020-12-23,AD,Andorra,EURO,,,0.0,
2020-12-24,AD,Andorra,EURO,,,0.0,
2020-12-25,AD,Andorra,EURO,,,0.0,
2020-12-26,AD,Andorra,EURO,,,0.0,
2020-12-27,AD,Andorra,EURO,246.0,7806.0,3.0,83.0
2020-12-28,AD,Andorra,EURO,,,0.0,
2020-12-29,AD,Andorra,EURO,,,0.0,
2020-12-30,AD,Andorra,EURO,,,0.0,
2020-12-31,AD,Andorra,EURO,,,0.0,
2021-01-01,AD,Andorra,EURO,,,0.0,
2021-01-02,AD,Andorra,EURO,,,0.0,
2021-01-03,AD,Andorra,EURO,360.0,8166.0,1.0,84.0
2021-01-04,AD,Andorra,EURO,,,0.0,
2021-01-05,AD,Andorra,EURO,,,0.0,
2021-01-06,AD,Andorra,EURO,,,0.0,
2021-01-07,AD,Andorra,EURO,,,0.0,
2021-01-08,AD,Andorra,EURO,,,0.0,
2021-01-09,AD,Andorra,EURO,,,0.0,
2021-01-10,AD,Andorra,EURO,420.0,8586.0,1.0,85.0
2021-01-11,AD,Andorra,EURO,,,0.0,
2021-01-12,AD,Andorra,EURO,,,0.0,
2021-01-13,AD,Andorra,EURO,,,0.0,
2021-01-14,AD,Andorra,EURO,,,0.0,
2021-01-15,AD,Andorra,EURO,,,0.0,
2021-01-16,AD,Andorra,EURO,,,0.0,
2021-01-17,AD,Andorra,EURO,452.0,9038.0,6.0,91.0
2021-01-18,AD,Andorra,EURO,,,0.0,
2021-01-19,AD,Andorra,EURO,,,0.0,
2021-01-20,AD,Andorra,EURO,,,0.0,
2021-01-21,AD,Andorra,EURO,,,0.0,
2021-01-22,AD,Andorra,EURO,,,0.0,
2021-01-23,AD,Andorra,EURO,,,0.0,
2021-01-24,AD,Andorra,EURO,461.0,9499.0,5.0,96.0
2021-01-25,AD,Andorra,EURO,,,0.0,
2021-01-26,AD,Andorra,EURO,,,0.0,
2021-01-27,AD,Andorra,EURO,,,0.0,
2021-01-28,AD,Andorra,EURO,,,0.0,
2021-01-29,AD,Andorra,EURO,,,0.0,
2021-01-30,AD,Andorra,EURO,,,0.0,
2021-01-31,AD,Andorra,EURO,386.0,9885.0,5.0,101.0
2021-02-01,AD,Andorra,EURO,,,0.0,
2021-02-02,AD,Andorra,EURO,,,0.0,
2021-02-03,AD,Andorra,EURO,,,0.0,
2021-02-04,AD,Andorra,EURO,,,0.0,
2021-02-05,AD,Andorra,EURO,,,0.0,
2021-02-06,AD,Andorra,EURO,,,0.0,
2021-02-07,AD,Andorra,EURO,321.0,10206.0,4.0,105.0
2021-02-08,AD,Andorra,EURO,,,0.0,
2021-02-09,AD,Andorra,EURO,,,0.0,
2021-02-10,AD,Andorra,EURO,,,0.0,
2021-02-11,AD,Andorra,EURO,,,0.0,
2021-02-12,AD,Andorra,EURO,,,0.0,
2021-02-13,AD,Andorra,EURO,,,0.0,
2021-02-14,AD,Andorra,EURO,257.0,10463.0,2.0,107.0
2021-02-15,AD,Andorra,EURO,,,0.0,
2021-02-16,AD,Andorra,EURO,,,0.0,
2021-02-17,AD,Andorra,EURO,,,0.0,
2021-02-18,AD,Andorra,EURO,,,0.0,
2021-02-19,AD,Andorra,EURO,,,0.0,
2021-02-20,AD,Andorra,EURO,,,0.0,
2021-02-21,AD,Andorra,EURO,209.0,10672.0,0.0,107.0
2021-02-22,AD,Andorra,EURO,,,0.0,
2021-02-23,AD,Andorra,EURO,,,0.0,
2021-02-24,AD,Andorra,EURO,,,0.0,
2021-02-25,AD,Andorra,EURO,,,0.0,
2021-02-26,AD,Andorra,EURO,,,0.0,
2021-02-27,AD,Andorra,EURO,,,0.0,
2021-02-28,AD,Andorra,EURO,177.0,10849.0,3.0,110.0
2021-03-01,AD,Andorra,EURO,,,0.0,
2021-03-02,AD,Andorra,EURO,,,0.0,
2021-03-03,AD,Andorra,EURO,,,0.0,
2021-03-04,AD,Andorra,EURO,,,0.0,
2021-03-05,AD,Andorra,EURO,,,0.0,
2021-03-06,AD,Andorra,EURO,,,0.0,
2021-03-07,AD,Andorra,EURO,170.0,11019.0,2.0,112.0
2021-03-08,AD,Andorra,EURO,,,0.0,
2021-03-09,AD,Andorra,EURO,,,0.0,
2021-03-10,AD,Andorra,EURO,,,0.0,
2021-03-11,AD,Andorra,EURO,,,0.0,
2021-03-12,AD,Andorra,EURO,,,0.0,
2021-03-13,AD,Andorra,EURO,,,0.0,
2021-03-14,AD,Andorra,EURO,209.0,11228.0,0.0,112.0
2021-03-15,AD,Andorra,EURO,,,0.0,
2021-03-16,AD,Andorra,EURO,,,0.0,
2021-03-17,AD,Andorra,EURO,,,0.0,
2021-03-18,AD,Andorra,EURO,,,0.0,
2021-03-19,AD,Andorra,EURO,,,0.0,
2021-03-20,AD,Andorra,EURO,,,0.0,
2021-03-21,AD,Andorra,EURO,253.0,11481.0,1.0,113.0
2021-03-22,AD,Andorra,EURO,,,0.0,
2021-03-23,AD,Andorra,EURO,,,0.0,
2021-03-24,AD,Andorra,EURO,,,0.0,
2021-03-25,AD,Andorra,EURO,,,0.0,
2021-03-26,AD,Andorra,EURO,,,0.0,
2021-03-27,AD,Andorra,EURO,,,0.0,
2021-03-28,AD,Andorra,EURO,328.0,11809.0,2.0,115.0
2021-03-29,AD,Andorra,EURO,,,0.0,
2021-03-30,AD,Andorra,EURO,,,0.0,
2021-03-31,AD,Andorra,EURO,,,0.0,
2021-04-01,AD,Andorra,EURO,,,0.0,
2021-04-02,AD,Andorra,EURO,,,0.0,
2021-04-03,AD,Andorra,EURO,,,0.0,
2021-04-04,AD,Andorra,EURO,365.0,12174.0,2.0,117.0
2021-04-05,AD,Andorra,EURO,,,0.0,
2021-04-06,AD,Andorra,EURO,,,0.0,
2021-04-07,AD,Andorra,EURO,,,0.0,
2021-04-08,AD,Andorra,EURO,,,0.0,
2021-04-09,AD,Andorra,EURO,,,0.0,
2021-04-10,AD,Andorra,EURO,,,0.0,
2021-04-11,AD,Andorra,EURO,323.0,12497.0,3.0,120.0
2021-04-12,AD,Andorra,EURO,,,0.0,
2021-04-13,AD,Andorra,EURO,,,0.0,
2021-04-14,AD,Andorra,EURO,,,0.0,
2021-04-15,AD,Andorra,EURO,,,0.0,
2021-04-16,AD,Andorra,EURO,,,0.0,
2021-04-17,AD,Andorra,EURO,,,0.0,
2021-04-18,AD,Andorra,EURO,274.0,12771.0,3.0,123.0
2021-04-19,AD,Andorra,EURO,,,0.0,
2021-04-20,AD,Andorra,EURO,,,0.0,
2021-04-21,AD,Andorra,EURO,,,0.0,
2021-04-22,AD,Andorra,EURO,,,0.0,
2021-04-23,AD,Andorra,EURO,,,0.0,
2021-04-24,AD,Andorra,EURO,,,0.0,
2021-04-25,AD,Andorra,EURO,253.0,13024.0,1.0,124.0
2021-04-26,AD,Andorra,EURO,,,0.0,
2021-04-27,AD,Andorra,EURO,,,0.0,
2021-04-28,AD,Andorra,EURO,,,0.0,
2021-04-29,AD,Andorra,EURO,,,0.0,
2021-04-30,AD,Andorra,EURO,,,0.0,
2021-05-01,AD,Andorra,EURO,,,0.0,
2021-05-02,AD,Andorra,EURO,208.0,13232.0,1.0,125.0
2021-05-03,AD,Andorra,EURO,,,0.0,
2021-05-04,AD,Andorra,EURO,,,0.0,
2021-05-05,AD,Andorra,EURO,,,0.0,
2021-05-06,AD,Andorra,EURO,,,0.0,
2021-05-07,AD,Andorra,EURO,,,0.0,
2021-05-08,AD,Andorra,EURO,,,0.0,
2021-05-09,AD,Andorra,EURO,174.0,13406.0,2.0,127.0
2021-05-10,AD,Andorra,EURO,,,0.0,
2021-05-11,AD,Andorra,EURO,,,0.0,
2021-05-12,AD,Andorra,EURO,,,0.0,
2021-05-13,AD,Andorra,EURO,,,0.0,
2021-05-14,AD,Andorra,EURO,,,0.0,
2021-05-15,AD,Andorra,EURO,,,0.0,
2021-05-16,AD,Andorra,EURO,104.0,13510.0,0.0,127.0
2021-05-17,AD,Andorra,EURO,,,0.0,
2021-05-18,AD,Andorra,EURO,,,0.0,
2021-05-19,AD,Andorra,EURO,,,0.0,
2021-05-20,AD,Andorra,EURO,,,0.0,
2021-05-21,AD,Andorra,EURO,,,0.0,
2021-05-22,AD,Andorra,EURO,,,0.0,
2021-05-23,AD,Andorra,EURO,99.0,13609.0,0.0,127.0
2021-05-24,AD,Andorra,EURO,,,0.0,
2021-05-25,AD,Andorra,EURO,,,0.0,
2021-05-26,AD,Andorra,EURO,,,0.0,
2021-05-27,AD,Andorra,EURO,,,0.0,
2021-05-28,AD,Andorra,EURO,,,0.0,
2021-05-29,AD,Andorra,EURO,,,0.0,
2021-05-30,AD,Andorra,EURO,84.0,13693.0,0.0,127.0
2021-05-31,AD,Andorra,EURO,,,0.0,
2021-06-01,AD,Andorra,EURO,,,0.0,
2021-06-02,AD,Andorra,EURO,,,0.0,
2021-06-03,AD,Andorra,EURO,,,0.0,
2021-06-04,AD,Andorra,EURO,,,0.0,
2021-06-05,AD,Andorra,EURO,,,0.0,
2021-06-06,AD,Andorra,EURO,65.0,13758.0,0.0,127.0
2021-06-07,AD,Andorra,EURO,,,0.0,
2021-06-08,AD,Andorra,EURO,,,0.0,
2021-06-09,AD,Andorra,EURO,,,0.0,
2021-06-10,AD,Andorra,EURO,,,0.0,
2021-06-11,AD,Andorra,EURO,,,0.0,
2021-06-12,AD,Andorra,EURO,,,0.0,
2021-06-13,AD,Andorra,EURO,55.0,13813.0,0.0,127.0
2021-06-14,AD,Andorra,EURO,,,0.0,
2021-06-15,AD,Andorra,EURO,,,0.0,
2021-06-16,AD,Andorra,EURO,,,0.0,
2021-06-17,AD,Andorra,EURO,,,0.0,
2021-06-18,AD,Andorra,EURO,,,0.0,
2021-06-19,AD,Andorra,EURO,,,0.0,
2021-06-20,AD,Andorra,EURO,29.0,13842.0,0.0,127.0
2021-06-21,AD,Andorra,EURO,,,0.0,
2021-06-22,AD,Andorra,EURO,,,0.0,
2021-06-23,AD,Andorra,EURO,,,0.0,
2021-06-24,AD,Andorra,EURO,,,0.0,
2021-06-25,AD,Andorra,EURO,,,0.0,
2021-06-26,AD,Andorra,EURO,,,0.0,
2021-06-27,AD,Andorra,EURO,40.0,13882.0,0.0,127.0
2021-06-28,AD,Andorra,EURO,,,0.0,
2021-06-29,AD,Andorra,EURO,,,0.0,
2021-06-30,AD,Andorra,EURO,,,0.0,
2021-07-01,AD,Andorra,EURO,,,0.0,
2021-07-02,AD,Andorra,EURO,,,0.0,
2021-07-03,AD,Andorra,EURO,,,0.0,
2021-07-04,AD,Andorra,EURO,36.0,13918.0,0.0,127.0
2021-07-05,AD,Andorra,EURO,,,0.0,
2021-07-06,AD,Andorra,EURO,,,0.0,
2021-07-07,AD,Andorra,EURO,,,0.0,
2021-07-08,AD,Andorra,EURO,,,0.0,
2021-07-09,AD,Andorra,EURO,,,0.0,
2021-07-10,AD,Andorra,EURO,,,0.0,
2021-07-11,AD,Andorra,EURO,157.0,14075.0,0.0,127.0
2021-07-12,AD,Andorra,EURO,,,0.0,
2021-07-13,AD,Andorra,EURO,,,0.0,
2021-07-14,AD,Andorra,EURO,,,0.0,
2021-07-15,AD,Andorra,EURO,,,0.0,
2021-07-16,AD,Andorra,EURO,,,0.0,
2021-07-17,AD,Andorra,EURO,,,0.0,
2021-07-18,AD,Andorra,EURO,198.0,14273.0,0.0,127.0
2021-07-19,AD,Andorra,EURO,,,0.0,
2021-07-20,AD,Andorra,EURO,,,0.0,
2021-07-21,AD,Andorra,EURO,,,0.0,
2021-07-22,AD,Andorra,EURO,,,0.0,
2021-07-23,AD,Andorra,EURO,,,0.0,
2021-07-24,AD,Andorra,EURO,,,0.0,
2021-07-25,AD,Andorra,EURO,225.0,14498.0,0.0,127.0
2021-07-26,AD,Andorra,EURO,,,0.0,
2021-07-27,AD,Andorra,EURO,,,0.0,
2021-07-28,AD,Andorra,EURO,,,0.0,
2021-07-29,AD,Andorra,EURO,,,0.0,
2021-07-30,AD,Andorra,EURO,,,0.0,
2021-07-31,AD,Andorra,EURO,,,0.0,
2021-08-01,AD,Andorra,EURO,180.0,14678.0,1.0,128.0
2021-08-02,AD,Andorra,EURO,,,0.0,
2021-08-03,AD,Andorra,EURO,,,0.0,
2021-08-04,AD,Andorra,EURO,,,0.0,
2021-08-05,AD,Andorra,EURO,,,0.0,
2021-08-06,AD,Andorra,EURO,,,0.0,
2021-08-07,AD,Andorra,EURO,,,0.0,
2021-08-08,AD,Andorra,EURO,158.0,14836.0,0.0,128.0
2021-08-09,AD,Andorra,EURO,,,0.0,
2021-08-10,AD,Andorra,EURO,,,0.0,
2021-08-11,AD,Andorra,EURO,,,0.0,
2021-08-12,AD,Andorra,EURO,,,0.0,
2021-08-13,AD,Andorra,EURO,,,0.0,
2021-08-14,AD,Andorra,EURO,,,0.0,
2021-08-15,AD,Andorra,EURO,88.0,14924.0,1.0,129.0
2021-08-16,AD,Andorra,EURO,,,0.0,
2021-08-17,AD,Andorra,EURO,,,0.0,
2021-08-18,AD,Andorra,EURO,,,0.0,
2021-08-19,AD,Andorra,EURO,,,0.0,
2021-08-20,AD,Andorra,EURO,,,0.0,
2021-08-21,AD,Andorra,EURO,,,0.0,
2021-08-22,AD,Andorra,EURO,64.0,14988.0,0.0,129.0
2021-08-23,AD,Andorra,EURO,,,0.0,
2021-08-24,AD,Andorra,EURO,,,0.0,
2021-08-25,AD,Andorra,EURO,,,0.0,
2021-08-26,AD,Andorra,EURO,,,0.0,
2021-08-27,AD,Andorra,EURO,,,0.0,
2021-08-28,AD,Andorra,EURO,,,0.0,
2021-08-29,AD,Andorra,EURO,37.0,15025.0,1.0,130.0
2021-08-30,AD,Andorra,EURO,,,0.0,
2021-08-31,AD,Andorra,EURO,,,0.0,
2021-09-01,AD,Andorra,EURO,,,0.0,
2021-09-02,AD,Andorra,EURO,,,0.0,
2021-09-03,AD,Andorra,EURO,,,0.0,
2021-09-04,AD,Andorra,EURO,,,0.0,
2021-09-05,AD,Andorra,EURO,30.0,15055.0,0.0,130.0
2021-09-06,AD,Andorra,EURO,,,0.0,
2021-09-07,AD,Andorra,EURO,,,0.0,
2021-09-08,AD,Andorra,EURO,,,0.0,
2021-09-09,AD,Andorra,EURO,,,0.0,
2021-09-10,AD,Andorra,EURO,,,0.0,
2021-09-11,AD,Andorra,EURO,,,0.0,
2021-09-12,AD,Andorra,EURO,28.0,15083.0,0.0,130.0
2021-09-13,AD,Andorra,EURO,,,0.0,
2021-09-14,AD,Andorra,EURO,,,0.0,
2021-09-15,AD,Andorra,EURO,,,0.0,
2021-09-16,AD,Andorra,EURO,,,0.0,
2021-09-17,AD,Andorra,EURO,,,0.0,
2021-09-18,AD,Andorra,EURO,,,0.0,
2021-09-19,AD,Andorra,EURO,41.0,15124.0,0.0,130.0
2021-09-20,AD,Andorra,EURO,,,0.0,
2021-09-21,AD,Andorra,EURO,,,0.0,
2021-09-22,AD,Andorra,EURO,,,0.0,
2021-09-23,AD,Andorra,EURO,,,0.0,
2021-09-24,AD,Andorra,EURO,,,0.0,
2021-09-25,AD,Andorra,EURO,,,0.0,
2021-09-26,AD,Andorra,EURO,43.0,15167.0,0.0,130.0
2021-09-27,AD,Andorra,EURO,,,0.0,
2021-09-28,AD,Andorra,EURO,,,0.0,
2021-09-29,AD,Andorra,EURO,,,0.0,
2021-09-30,AD,Andorra,EURO,,,0.0,
2021-10-01,AD,Andorra,EURO,,,0.0,
2021-10-02,AD,Andorra,EURO,,,0.0,
2021-10-03,AD,Andorra,EURO,55.0,15222.0,0.0,130.0
2021-10-04,AD,Andorra,EURO,,,0.0,
2021-10-05,AD,Andorra,EURO,,,0.0,
2021-10-06,AD,Andorra,EURO,,,0.0,
2021-10-07,AD,Andorra,EURO,,,0.0,
2021-10-08,AD,Andorra,EURO,,,0.0,
2021-10-09,AD,Andorra,EURO,,,0.0,
2021-10-10,AD,Andorra,EURO,69.0,15291.0,0.0,130.0
2021-10-11,AD,Andorra,EURO,,,0.0,
2021-10-12,AD,Andorra,EURO,,,0.0,
2021-10-13,AD,Andorra,EURO,,,0.0,
2021-10-14,AD,Andorra,EURO,,,0.0,
2021-10-15,AD,Andorra,EURO,,,0.0,
2021-10-16,AD,Andorra,EURO,,,0.0,
2021-10-17,AD,Andorra,EURO,47.0,15338.0,0.0,130.0
2021-10-18,AD,Andorra,EURO,,,0.0,
2021-10-19,AD,Andorra,EURO,,,0.0,
2021-10-20,AD,Andorra,EURO,,,0.0,
2021-10-21,AD,Andorra,EURO,,,0.0,
2021-10-22,AD,Andorra,EURO,,,0.0,
2021-10-23,AD,Andorra,EURO,,,0.0,
2021-10-24,AD,Andorra,EURO,66.0,15404.0,0.0,130.0
2021-10-25,AD,Andorra,EURO,,,0.0,
2021-10-26,AD,Andorra,EURO,,,0.0,
2021-10-27,AD,Andorra,EURO,,,0.0,
2021-10-28,AD,Andorra,EURO,,,0.0,
2021-10-29,AD,Andorra,EURO,,,0.0,
2021-10-30,AD,Andorra,EURO,,,0.0,
2021-10-31,AD,Andorra,EURO,112.0,15516.0,0.0,130.0
2021-11-01,AD,Andorra,EURO,,,0.0,
2021-11-02,AD,Andorra,EURO,,,0.0,
2021-11-03,AD,Andorra,EURO,,,0.0,
2021-11-04,AD,Andorra,EURO,,,0.0,
2021-11-05,AD,Andorra,EURO,,,0.0,
2021-11-06,AD,Andorra,EURO,,,0.0,
2021-11-07,AD,Andorra,EURO,102.0,15618.0,0.0,130.0
2021-11-08,AD,Andorra,EURO,,,0.0,
2021-11-09,AD,Andorra,EURO,,,0.0,
2021-11-10,AD,Andorra,EURO,,,0.0,
2021-11-11,AD,Andorra,EURO,,,0.0,
2021-11-12,AD,Andorra,EURO,,,0.0,
2021-11-13,AD,Andorra,EURO,,,0.0,
2021-11-14,AD,Andorra,EURO,201.0,15819.0,0.0,130.0
2021-11-15,AD,Andorra,EURO,,,0.0,
2021-11-16,AD,Andorra,EURO,,,0.0,
2021-11-17,AD,Andorra,EURO,,,0.0,
2021-11-18,AD,Andorra,EURO,,,0.0,
2021-11-19,AD,Andorra,EURO,,,0.0,
2021-11-20,AD,Andorra,EURO,,,0.0,
2021-11-21,AD,Andorra,EURO,267.0,16086.0,0.0,130.0
2021-11-22,AD,Andorra,EURO,,,0.0,
2021-11-23,AD,Andorra,EURO,,,0.0,
2021-11-24,AD,Andorra,EURO,,,0.0,
2021-11-25,AD,Andorra,EURO,,,0.0,
2021-11-26,AD,Andorra,EURO,,,0.0,
2021-11-27,AD,Andorra,EURO,,,0.0,
2021-11-28,AD,Andorra,EURO,626.0,16712.0,1.0,131.0
2021-11-29,AD,Andorra,EURO,,,0.0,
2021-11-30,AD,Andorra,EURO,,,0.0,
2021-12-01,AD,Andorra,EURO,,,0.0,
2021-12-02,AD,Andorra,EURO,,,0.0,
2021-12-03,AD,Andorra,EURO,,,0.0,
2021-12-04,AD,Andorra,EURO,,,0.0,
2021-12-05,AD,Andorra,EURO,1298.0,18010.0,1.0,132.0
2021-12-06,AD,Andorra,EURO,,,0.0,
2021-12-07,AD,Andorra,EURO,,,0.0,
2021-12-08,AD,Andorra,EURO,,,0.0,
2021-12-09,AD,Andorra,EURO,,,0.0,
2021-12-10,AD,Andorra,EURO,,,0.0,
2021-12-11,AD,Andorra,EURO,,,0.0,
2021-12-12,AD,Andorra,EURO,1430.0,19440.0,1.0,133.0
2021-12-13,AD,Andorra,EURO,,,0.0,
2021-12-14,AD,Andorra,EURO,,,0.0,
2021-12-15,AD,Andorra,EURO,,,0.0,
2021-12-16,AD,Andorra,EURO,,,0.0,
2021-12-17,AD,Andorra,EURO,,,0.0,
2021-12-18,AD,Andorra,EURO,,,0.0,
2021-12-19,AD,Andorra,EURO,1109.0,20549.0,1.0,134.0
2021-12-20,AD,Andorra,EURO,,,0.0,
2021-12-21,AD,Andorra,EURO,,,0.0,
2021-12-22,AD,Andorra,EURO,,,0.0,
2021-12-23,AD,Andorra,EURO,,,0.0,
2021-12-24,AD,Andorra,EURO,,,0.0,
2021-12-25,AD,Andorra,EURO,,,0.0,
2021-12-26,AD,Andorra,EURO,1181.0,21730.0,5.0,139.0
2021-12-27,AD,Andorra,EURO,,,0.0,
2021-12-28,AD,Andorra,EURO,,,0.0,
2021-12-29,AD,Andorra,EURO,,,0.0,
2021-12-30,AD,Andorra,EURO,,,0.0,
2021-12-31,AD,Andorra,EURO,,,0.0,
2022-01-01,AD,Andorra,EURO,,,0.0,
2022-01-02,AD,Andorra,EURO,2010.0,23740.0,1.0,140.0
2022-01-03,AD,Andorra,EURO,,,0.0,
2022-01-04,AD,Andorra,EURO,,,0.0,
2022-01-05,AD,Andorra,EURO,,,0.0,
2022-01-06,AD,Andorra,EURO,,,0.0,
2022-01-07,AD,Andorra,EURO,,,0.0,
2022-01-08,AD,Andorra,EURO,,,0.0,
2022-01-09,AD,Andorra,EURO,2668.0,26408.0,1.0,141.0
2022-01-10,AD,Andorra,EURO,,,0.0,
2022-01-11,AD,Andorra,EURO,,,0.0,
2022-01-12,AD,Andorra,EURO,,,0.0,
2022-01-13,AD,Andorra,EURO,,,0.0,
2022-01-14,AD,Andorra,EURO,,,0.0,
2022-01-15,AD,Andorra,EURO,,,0.0,
2022-01-16,AD,Andorra,EURO,3480.0,29888.0,1.0,142.0
2022-01-17,AD,Andorra,EURO,,,0.0,
2022-01-18,AD,Andorra,EURO,,,0.0,
2022-01-19,AD,Andorra,EURO,,,0.0,
2022-01-20,AD,Andorra,EURO,,,0.0,
2022-01-21,AD,Andorra,EURO,,,0.0,
2022-01-22,AD,Andorra,EURO,,,0.0,
2022-01-23,AD,Andorra,EURO,3137.0,33025.0,2.0,144.0
2022-01-24,AD,Andorra,EURO,,,0.0,
2022-01-25,AD,Andorra,EURO,,,0.0,
2022-01-26,AD,Andorra,EURO,,,0.0,
2022-01-27,AD,Andorra,EURO,,,0.0,
2022-01-28,AD,Andorra,EURO,,,0.0,
2022-01-29,AD,Andorra,EURO,,,0.0,
2022-01-30,AD,Andorra,EURO,2531.0,35556.0,1.0,145.0
2022-01-31,AD,Andorra,EURO,,,0.0,
2022-02-01,AD,Andorra,EURO,,,0.0,
2022-02-02,AD,Andorra,EURO,,,0.0,
2022-02-03,AD,Andorra,EURO,,,0.0,
2022-02-04,AD,Andorra,EURO,,,0.0,
2022-02-05,AD,Andorra,EURO,,,0.0,
2022-02-06,AD,Andorra,EURO,1043.0,36599.0,2.0,147.0
2022-02-07,AD,Andorra,EURO,,,0.0,
2022-02-08,AD,Andorra,EURO,,,0.0,
2022-02-09,AD,Andorra,EURO,,,0.0,
2022-02-10,AD,Andorra,EURO,,,0.0,
2022-02-11,AD,Andorra,EURO,,,0.0,
2022-02-12,AD,Andorra,EURO,,,0.0,
2022-02-13,AD,Andorra,EURO,541.0,37140.0,1.0,148.0
2022-02-14,AD,Andorra,EURO,,,0.0,
2022-02-15,AD,Andorra,EURO,,,0.0,
2022-02-16,AD,Andorra,EURO,,,0.0,
2022-02-17,AD,Andorra,EURO,,,0.0,
2022-02-18,AD,Andorra,EURO,,,0.0,
2022-02-19,AD,Andorra,EURO,,,0.0,
2022-02-20,AD,Andorra,EURO,449.0,37589.0,2.0,150.0
2022-02-21,AD,Andorra,EURO,,,0.0,
2022-02-22,AD,Andorra,EURO,,,0.0,
2022-02-23,AD,Andorra,EURO,,,0.0,
2022-02-24,AD,Andorra,EURO,,,0.0,
2022-02-25,AD,Andorra,EURO,,,0.0,
2022-02-26,AD,Andorra,EURO,,,0.0,
2022-02-27,AD,Andorra,EURO,410.0,37999.0,1.0,151.0
2022-02-28,AD,Andorra,EURO,,,0.0,
2022-03-01,AD,Andorra,EURO,,,0.0,
2022-03-02,AD,Andorra,EURO,,,0.0,
2022-03-03,AD,Andorra,EURO,,,0.0,
2022-03-04,AD,Andorra,EURO,,,0.0,
2022-03-05,AD,Andorra,EURO,,,0.0,
2022-03-06,AD,Andorra,EURO,435.0,38434.0,0.0,151.0
2022-03-07,AD,Andorra,EURO,,,0.0,
2022-03-08,AD,Andorra,EURO,,,0.0,
2022-03-09,AD,Andorra,EURO,,,0.0,
2022-03-10,AD,Andorra,EURO,,,0.0,
2022-03-11,AD,Andorra,EURO,,,0.0,
2022-03-12,AD,Andorra,EURO,,,0.0,
2022-03-13,AD,Andorra,EURO,360.0,38794.0,1.0,152.0
2022-03-14,AD,Andorra,EURO,,,0.0,
2022-03-15,AD,Andorra,EURO,,,0.0,
2022-03-16,AD,Andorra,EURO,,,0.0,
2022-03-17,AD,Andorra,EURO,,,0.0,
2022-03-18,AD,Andorra,EURO,,,0.0,
2022-03-19,AD,Andorra,EURO,,,0.0,
2022-03-20,AD,Andorra,EURO,440.0,39234.0,1.0,153.0
2022-03-21,AD,Andorra,EURO,,,0.0,
2022-03-22,AD,Andorra,EURO,,,0.0,
2022-03-23,AD,Andorra,EURO,,,0.0,
2022-03-24,AD,Andorra,EURO,,,0.0,
2022-03-25,AD,Andorra,EURO,,,0.0,
2022-03-26,AD,Andorra,EURO,,,0.0,
2022-03-27,AD,Andorra,EURO,479.0,39713.0,0.0,153.0
2022-03-28,AD,Andorra,EURO,,,0.0,
2022-03-29,AD,Andorra,EURO,,,0.0,
2022-03-30,AD,Andorra,EURO,,,0.0,
2022-03-31,AD,Andorra,EURO,,,0.0,
2022-04-01,AD,Andorra,EURO,,,0.0,
2022-04-02,AD,Andorra,EURO,,,0.0,
2022-04-03,AD,Andorra,EURO,311.0,40024.0,0.0,153.0
2022-04-04,AD,Andorra,EURO,,,0.0,
2022-04-05,AD,Andorra,EURO,,,0.0,
2022-04-06,AD,Andorra,EURO,,,0.0,
2022-04-07,AD,Andorra,EURO,,,0.0,
2022-04-08,AD,Andorra,EURO,,,0.0,
2022-04-09,AD,Andorra,EURO,,,0.0,
2022-04-10,AD,Andorra,EURO,304.0,40328.0,0.0,153.0
2022-04-11,AD,Andorra,EURO,,,0.0,
2022-04-12,AD,Andorra,EURO,,,0.0,
2022-04-13,AD,Andorra,EURO,,,0.0,
2022-04-14,AD,Andorra,EURO,,,0.0,
2022-04-15,AD,Andorra,EURO,,,0.0,
2022-04-16,AD,Andorra,EURO,,,0.0,
2022-04-17,AD,Andorra,EURO,381.0,40709.0,0.0,153.0
2022-04-18,AD,Andorra,EURO,,,0.0,
2022-04-19,AD,Andorra,EURO,,,0.0,
2022-04-20,AD,Andorra,EURO,,,0.0,
2022-04-21,AD,Andorra,EURO,,,0.0,
2022-04-22,AD,Andorra,EURO,,,0.0,
2022-04-23,AD,Andorra,EURO,,,0.0,
2022-04-24,AD,Andorra,EURO,304.0,41013.0,0.0,153.0
2022-04-25,AD,Andorra,EURO,,,0.0,
2022-04-26,AD,Andorra,EURO,,,0.0,
2022-04-27,AD,Andorra,EURO,,,0.0,
2022-04-28,AD,Andorra,EURO,,,0.0,
2022-04-29,AD,Andorra,EURO,,,0.0,
2022-04-30,AD,Andorra,EURO,,,0.0,
2022-05-01,AD,Andorra,EURO,336.0,41349.0,0.0,153.0
2022-05-02,AD,Andorra,EURO,,,0.0,
2022-05-03,AD,Andorra,EURO,,,0.0,
2022-05-04,AD,Andorra,EURO,,,0.0,
2022-05-05,AD,Andorra,EURO,,,0.0,
2022-05-06,AD,Andorra,EURO,,,0.0,
2022-05-07,AD,Andorra,EURO,,,0.0,
2022-05-08,AD,Andorra,EURO,368.0,41717.0,0.0,153.0
2022-05-09,AD,Andorra,EURO,,,0.0,
2022-05-10,AD,Andorra,EURO,,,0.0,
2022-05-11,AD,Andorra,EURO,,,0.0,
2022-05-12,AD,Andorra,EURO,,,0.0,
2022-05-13,AD,Andorra,EURO,,,0.0,
2022-05-14,AD,Andorra,EURO,,,0.0,
2022-05-15,AD,Andorra,EURO,439.0,42156.0,0.0,153.0
2022-05-16,AD,Andorra,EURO,,,0.0,
2022-05-17,AD,Andorra,EURO,,,0.0,
2022-05-18,AD,Andorra,EURO,,,0.0,
2022-05-19,AD,Andorra,EURO,,,0.0,
2022-05-20,AD,Andorra,EURO,,,0.0,
2022-05-21,AD,Andorra,EURO,,,0.0,
2022-05-22,AD,Andorra,EURO,416.0,42572.0,0.0,153.0
2022-05-23,AD,Andorra,EURO,,,0.0,
2022-05-24,AD,Andorra,EURO,,,0.0,
2022-05-25,AD,Andorra,EURO,,,0.0,
2022-05-26,AD,Andorra,EURO,,,0.0,
2022-05-27,AD,Andorra,EURO,,,0.0,
2022-05-28,AD,Andorra,EURO,,,0.0,
2022-05-29,AD,Andorra,EURO,322.0,42894.0,0.0,153.0
2022-05-30,AD,Andorra,EURO,,,0.0,
2022-05-31,AD,Andorra,EURO,,,0.0,
2022-06-01,AD,Andorra,EURO,,,0.0,
2022-06-02,AD,Andorra,EURO,,,0.0,
2022-06-03,AD,Andorra,EURO,,,0.0,
2022-06-04,AD,Andorra,EURO,,,0.0,
2022-06-05,AD,Andorra,EURO,173.0,43067.0,0.0,153.0
2022-06-06,AD,Andorra,EURO,,,0.0,
2022-06-07,AD,Andorra,EURO,,,0.0,
2022-06-08,AD,Andorra,EURO,,,0.0,
2022-06-09,AD,Andorra,EURO,,,0.0,
2022-06-10,AD,Andorra,EURO,,,0.0,
2022-06-11,AD,Andorra,EURO,,,0.0,
2022-06-12,AD,Andorra,EURO,157.0,43224.0,0.0,153.0
2022-06-13,AD,Andorra,EURO,,,0.0,
2022-06-14,AD,Andorra,EURO,,,0.0,
2022-06-15,AD,Andorra,EURO,,,0.0,
2022-06-16,AD,Andorra,EURO,,,0.0,
2022-06-17,AD,Andorra,EURO,,,0.0,
2022-06-18,AD,Andorra,EURO,,,0.0,
2022-06-19,AD,Andorra,EURO,225.0,43449.0,0.0,153.0
2022-06-20,AD,Andorra,EURO,,,0.0,
2022-06-21,AD,Andorra,EURO,,,0.0,
2022-06-22,AD,Andorra,EURO,,,0.0,
2022-06-23,AD,Andorra,EURO,,,0.0,
2022-06-24,AD,Andorra,EURO,,,0.0,
2022-06-25,AD,Andorra,EURO,,,0.0,
2022-06-26,AD,Andorra,EURO,325.0,43774.0,0.0,153.0
2022-06-27,AD,Andorra,EURO,,,0.0,
2022-06-28,AD,Andorra,EURO,,,0.0,
2022-06-29,AD,Andorra,EURO,,,0.0,
2022-06-30,AD,Andorra,EURO,,,0.0,
2022-07-01,AD,Andorra,EURO,,,0.0,
2022-07-02,AD,Andorra,EURO,,,0.0,
2022-07-03,AD,Andorra,EURO,403.0,44177.0,0.0,153.0
2022-07-04,AD,Andorra,EURO,,,0.0,
2022-07-05,AD,Andorra,EURO,,,0.0,
2022-07-06,AD,Andorra,EURO,,,0.0,
2022-07-07,AD,Andorra,EURO,,,0.0,
2022-07-08,AD,Andorra,EURO,,,0.0,
2022-07-09,AD,Andorra,EURO,,,0.0,
2022-07-10,AD,Andorra,EURO,494.0,44671.0,0.0,153.0
2022-07-11,AD,Andorra,EURO,,,0.0,
2022-07-12,AD,Andorra,EURO,,,0.0,
2022-07-13,AD,Andorra,EURO,,,0.0,
2022-07-14,AD,Andorra,EURO,,,0.0,
2022-07-15,AD,Andorra,EURO,,,0.0,
2022-07-16,AD,Andorra,EURO,,,0.0,
2022-07-17,AD,Andorra,EURO,390.0,45061.0,0.0,153.0
2022-07-18,AD,Andorra,EURO,,,0.0,
2022-07-19,AD,Andorra,EURO,,,0.0,
2022-07-20,AD,Andorra,EURO,,,0.0,
2022-07-21,AD,Andorra,EURO,,,0.0,
2022-07-22,AD,Andorra,EURO,,,0.0,
2022-07-23,AD,Andorra,EURO,,,0.0,
2022-07-24,AD,Andorra,EURO,265.0,45326.0,0.0,153.0
2022-07-25,AD,Andorra,EURO,,,0.0,
2022-07-26,AD,Andorra,EURO,,,0.0,
2022-07-27,AD,Andorra,EURO,,,0.0,
2022-07-28,AD,Andorra,EURO,,,0.0,
2022-07-29,AD,Andorra,EURO,,,0.0,
2022-07-30,AD,Andorra,EURO,,,0.0,
2022-07-31,AD,Andorra,EURO,182.0,45508.0,0.0,153.0
2022-08-01,AD,Andorra,EURO,,,0.0,
2022-08-02,AD,Andorra,EURO,,,0.0,
2022-08-03,AD,Andorra,EURO,,,0.0,
2022-08-04,AD,Andorra,EURO,,,0.0,
2022-08-05,AD,Andorra,EURO,,,0.0,
2022-08-06,AD,Andorra,EURO,,,0.0,
2022-08-07,AD,Andorra,EURO,285.0,45793.0,1.0,154.0
2022-08-08,AD,Andorra,EURO,,,0.0,
2022-08-09,AD,Andorra,EURO,,,0.0,
2022-08-10,AD,Andorra,EURO,,,0.0,
2022-08-11,AD,Andorra,EURO,,,0.0,
2022-08-12,AD,Andorra,EURO,,,0.0,
2022-08-13,AD,Andorra,EURO,,,0.0,
2022-08-14,AD,Andorra,EURO,106.0,45899.0,0.0,154.0
2022-08-15,AD,Andorra,EURO,,,0.0,
2022-08-16,AD,Andorra,EURO,,,0.0,
2022-08-17,AD,Andorra,EURO,,,0.0,
2022-08-18,AD,Andorra,EURO,,,0.0,
2022-08-19,AD,Andorra,EURO,,,0.0,
2022-08-20,AD,Andorra,EURO,,,0.0,
2022-08-21,AD,Andorra,EURO,76.0,45975.0,0.0,154.0
2022-08-22,AD,Andorra,EURO,,,0.0,
2022-08-23,AD,Andorra,EURO,,,0.0,
2022-08-24,AD,Andorra,EURO,,,0.0,
2022-08-25,AD,Andorra,EURO,,,0.0,
2022-08-26,AD,Andorra,EURO,,,0.0,
2022-08-27,AD,Andorra,EURO,,,0.0,
2022-08-28,AD,Andorra,EURO,52.0,46027.0,0.0,154.0
2022-08-29,AD,Andorra,EURO,,,0.0,
2022-08-30,AD,Andorra,EURO,,,0.0,
2022-08-31,AD,Andorra,EURO,,,0.0,
2022-09-01,AD,Andorra,EURO,,,0.0,
2022-09-02,AD,Andorra,EURO,,,0.0,
2022-09-03,AD,Andorra,EURO,,,0.0,
2022-09-04,AD,Andorra,EURO,,46027.0,0.0,154.0
2022-09-05,AD,Andorra,EURO,,,0.0,
2022-09-06,AD,Andorra,EURO,,,0.0,
2022-09-07,AD,Andorra,EURO,,,0.0,
2022-09-08,AD,Andorra,EURO,,,0.0,
2022-09-09,AD,Andorra,EURO,,,0.0,
2022-09-10,AD,Andorra,EURO,,,0.0,
2022-09-11,AD,Andorra,EURO,86.0,46113.0,1.0,155.0
2022-09-12,AD,Andorra,EURO,,,0.0,
2022-09-13,AD,Andorra,EURO,,,0.0,
2022-09-14,AD,Andorra,EURO,,,0.0,
2022-09-15,AD,Andorra,EURO,,,0.0,
2022-09-16,AD,Andorra,EURO,,,0.0,
2022-09-17,AD,Andorra,EURO,,,0.0,
2022-09-18,AD,Andorra,EURO,34.0,46147.0,0.0,155.0
2022-09-19,AD,Andorra,EURO,,,0.0,
2022-09-20,AD,Andorra,EURO,,,0.0,
2022-09-21,AD,Andorra,EURO,,,0.0,
2022-09-22,AD,Andorra,EURO,,,0.0,
2022-09-23,AD,Andorra,EURO,,,0.0,
2022-09-24,AD,Andorra,EURO,,,0.0,
2022-09-25,AD,Andorra,EURO,,46147.0,0.0,155.0
2022-09-26,AD,Andorra,EURO,,,0.0,
2022-09-27,AD,Andorra,EURO,,,0.0,
2022-09-28,AD,Andorra,EURO,,,0.0,
2022-09-29,AD,Andorra,EURO,,,0.0,
2022-09-30,AD,Andorra,EURO,,,0.0,
2022-10-01,AD,Andorra,EURO,,,0.0,
2022-10-02,AD,Andorra,EURO,80.0,46227.0,0.0,155.0
2022-10-03,AD,Andorra,EURO,,,0.0,
2022-10-04,AD,Andorra,EURO,,,0.0,
2022-10-05,AD,Andorra,EURO,,,0.0,
2022-10-06,AD,Andorra,EURO,,,0.0,
2022-10-07,AD,Andorra,EURO,,,0.0,
2022-10-08,AD,Andorra,EURO,,,0.0,
2022-10-09,AD,Andorra,EURO,48.0,46275.0,0.0,155.0
2022-10-10,AD,Andorra,EURO,,,0.0,
2022-10-11,AD,Andorra,EURO,,,0.0,
2022-10-12,AD,Andorra,EURO,,,0.0,
2022-10-13,AD,Andorra,EURO,,,0.0,
2022-10-14,AD,Andorra,EURO,,,0.0,
2022-10-15,AD,Andorra,EURO,,,0.0,
2022-10-16,AD,Andorra,EURO,91.0,46366.0,0.0,155.0
2022-10-17,AD,Andorra,EURO,,,0.0,
2022-10-18,AD,Andorra,EURO,,,0.0,
2022-10-19,AD,Andorra,EURO,,,0.0,
2022-10-20,AD,Andorra,EURO,,,0.0,
2022-10-21,AD,Andorra,EURO,,,0.0,
2022-10-22,AD,Andorra,EURO,,,0.0,
2022-10-23,AD,Andorra,EURO,83.0,46449.0,0.0,155.0
2022-10-24,AD,Andorra,EURO,,,0.0,
2022-10-25,AD,Andorra,EURO,,,0.0,
2022-10-26,AD,Andorra,EURO,,,0.0,
2022-10-27,AD,Andorra,EURO,,,0.0,
2022-10-28,AD,Andorra,EURO,,,0.0,
2022-10-29,AD,Andorra,EURO,,,0.0,
2022-10-30,AD,Andorra,EURO,86.0,46535.0,0.0,155.0
2022-10-31,AD,Andorra,EURO,,,0.0,
2022-11-01,AD,Andorra,EURO,,,0.0,
2022-11-02,AD,Andorra,EURO,,,0.0,
2022-11-03,AD,Andorra,EURO,,,0.0,
2022-11-04,AD,Andorra,EURO,,,0.0,
2022-11-05,AD,Andorra,EURO,,,0.0,
2022-11-06,AD,Andorra,EURO,53.0,46588.0,0.0,155.0
2022-11-07,AD,Andorra,EURO,,,0.0,
2022-11-08,AD,Andorra,EURO,,,0.0,
2022-11-09,AD,Andorra,EURO,,,0.0,
2022-11-10,AD,Andorra,EURO,,,0.0,
2022-11-11,AD,Andorra,EURO,,,0.0,
2022-11-12,AD,Andorra,EURO,,,0.0,
2022-11-13,AD,Andorra,EURO,76.0,46664.0,0.0,155.0
2022-11-14,AD,Andorra,EURO,,,0.0,
2022-11-15,AD,Andorra,EURO,,,0.0,
2022-11-16,AD,Andorra,EURO,,,0.0,
2022-11-17,AD,Andorra,EURO,,,0.0,
2022-11-18,AD,Andorra,EURO,,,0.0,
2022-11-19,AD,Andorra,EURO,,,0.0,
2022-11-20,AD,Andorra,EURO,160.0,46824.0,1.0,156.0
2022-11-21,AD,Andorra,EURO,,,0.0,
2022-11-22,AD,Andorra,EURO,,,0.0,
2022-11-23,AD,Andorra,EURO,,,0.0,
2022-11-24,AD,Andorra,EURO,,,0.0,
2022-11-25,AD,Andorra,EURO,,,0.0,
2022-11-26,AD,Andorra,EURO,,,0.0,
2022-11-27,AD,Andorra,EURO,,46824.0,0.0,156.0
2022-11-28,AD,Andorra,EURO,,,0.0,
2022-11-29,AD,Andorra,EURO,,,0.0,
2022-11-30,AD,Andorra,EURO,,,0.0,
2022-12-01,AD,Andorra,EURO,,,0.0,
2022-12-02,AD,Andorra,EURO,,,0.0,
2022-12-03,AD,Andorra,EURO,,,0.0,
2022-12-04,AD,Andorra,EURO,395.0,47219.0,1.0,157.0
2022-12-05,AD,Andorra,EURO,,,0.0,
2022-12-06,AD,Andorra,EURO,,,0.0,
2022-12-07,AD,Andorra,EURO,,,0.0,
2022-12-08,AD,Andorra,EURO,,,0.0,
2022-12-09,AD,Andorra,EURO,,,0.0,
2022-12-10,AD,Andorra,EURO,,,0.0,
2022-12-11,AD,Andorra,EURO,227.0,47446.0,1.0,158.0
2022-12-12,AD,Andorra,EURO,,,0.0,
2022-12-13,AD,Andorra,EURO,,,0.0,
2022-12-14,AD,Andorra,EURO,,,0.0,
2022-12-15,AD,Andorra,EURO,,,0.0,
2022-12-16,AD,Andorra,EURO,,,0.0,
2022-12-17,AD,Andorra,EURO,,,0.0,
2022-12-18,AD,Andorra,EURO,160.0,47606.0,0.0,158.0
2022-12-19,AD,Andorra,EURO,,,0.0,
2022-12-20,AD,Andorra,EURO,,,0.0,
2022-12-21,AD,Andorra,EURO,,,0.0,
2022-12-22,AD,Andorra,EURO,,,0.0,
2022-12-23,AD,Andorra,EURO,,,0.0,
2022-12-24,AD,Andorra,EURO,,,0.0,
2022-12-25,AD,Andorra,EURO,80.0,47686.0,0.0,158.0
2022-12-26,AD,Andorra,EURO,,,0.0,
2022-12-27,AD,Andorra,EURO,,,0.0,
2022-12-28,AD,Andorra,EURO,,,0.0,
2022-12-29,AD,Andorra,EURO,,,0.0,
2022-12-30,AD,Andorra,EURO,,,0.0,
2022-12-31,AD,Andorra,EURO,,,0.0,
2023-01-01,AD,Andorra,EURO,65.0,47751.0,0.0,158.0
2023-01-02,AD,Andorra,EURO,,,0.0,
2023-01-03,AD,Andorra,EURO,,,0.0,
2023-01-04,AD,Andorra,EURO,,,0.0,
2023-01-05,AD,Andorra,EURO,,,0.0,
2023-01-06,AD,Andorra,EURO,,,0.0,
2023-01-07,AD,Andorra,EURO,,,0.0,
2023-01-08,AD,Andorra,EURO,30.0,47781.0,1.0,159.0
2023-01-09,AD,Andorra,EURO,,,0.0,
2023-01-10,AD,Andorra,EURO,,,0.0,
2023-01-11,AD,Andorra,EURO,,,0.0,
2023-01-12,AD,Andorra,EURO,,,0.0,
2023-01-13,AD,Andorra,EURO,,,0.0,
2023-01-14,AD,Andorra,EURO,,,0.0,
2023-01-15,AD,Andorra,EURO,,47781.0,0.0,159.0
2023-01-16,AD,Andorra,EURO,,,0.0,
2023-01-17,AD,Andorra,EURO,,,0.0,
2023-01-18,AD,Andorra,EURO,,,0.0,
2023-01-19,AD,Andorra,EURO,,,0.0,
2023-01-20,AD,Andorra,EURO,,,0.0,
2023-01-21,AD,Andorra,EURO,,,0.0,
2023-01-22,AD,Andorra,EURO,39.0,47820.0,0.0,159.0
2023-01-23,AD,Andorra,EURO,,,0.0,
2023-01-24,AD,Andorra,EURO,,,0.0,
2023-01-25,AD,Andorra,EURO,,,0.0,
2023-01-26,AD,Andorra,EURO,,,0.0,
2023-01-27,AD,Andorra,EURO,,,0.0,
2023-01-28,AD,Andorra,EURO,,,0.0,
2023-01-29,AD,Andorra,EURO,19.0,47839.0,0.0,159.0
2023-01-30,AD,Andorra,EURO,,,0.0,
2023-01-31,AD,Andorra,EURO,,,0.0,
2023-02-01,AD,Andorra,EURO,,,0.0,
2023-02-02,AD,Andorra,EURO,,,0.0,
2023-02-03,AD,Andorra,EURO,,,0.0,
2023-02-04,AD,Andorra,EURO,,,0.0,
2023-02-05,AD,Andorra,EURO,11.0,47850.0,0.0,159.0
2023-02-06,AD,Andorra,EURO,,,0.0,
2023-02-07,AD,Andorra,EURO,,,0.0,
2023-02-08,AD,Andorra,EURO,,,0.0,
2023-02-09,AD,Andorra,EURO,,,0.0,
2023-02-10,AD,Andorra,EURO,,,0.0,
2023-02-11,AD,Andorra,EURO,,,0.0,
2023-02-12,AD,Andorra,EURO,10.0,47860.0,0.0,159.0
2023-02-13,AD,Andorra,EURO,,,0.0,
2023-02-14,AD,Andorra,EURO,,,0.0,
2023-02-15,AD,Andorra,EURO,,,0.0,
2023-02-16,AD,Andorra,EURO,,,0.0,
2023-02-17,AD,Andorra,EURO,,,0.0,
2023-02-18,AD,Andorra,EURO,,,0.0,
2023-02-19,AD,Andorra,EURO,6.0,47866.0,0.0,159.0
2023-02-20,AD,Andorra,EURO,,,0.0,
2023-02-21,AD,Andorra,EURO,,,0.0,
2023-02-22,AD,Andorra,EURO,,,0.0,
2023-02-23,AD,Andorra,EURO,,,0.0,
2023-02-24,AD,Andorra,EURO,,,0.0,
2023-02-25,AD,Andorra,EURO,,,0.0,
2023-02-26,AD,Andorra,EURO,9.0,47875.0,0.0,159.0
2023-02-27,AD,Andorra,EURO,,,0.0,
2023-02-28,AD,Andorra,EURO,,,0.0,
2023-03-01,AD,Andorra,EURO,,,0.0,
2023-03-02,AD,Andorra,EURO,,,0.0,
2023-03-03,AD,Andorra,EURO,,,0.0,
2023-03-04,AD,Andorra,EURO,,,0.0,
2023-03-05,AD,Andorra,EURO,15.0,47890.0,0.0,159.0
2023-03-06,AD,Andorra,EURO,,,0.0,
2023-03-07,AD,Andorra,EURO,,,0.0,
2023-03-08,AD,Andorra,EURO,,,0.0,
2023-03-09,AD,Andorra,EURO,,,0.0,
2023-03-10,AD,Andorra,EURO,,,0.0,
2023-03-11,AD,Andorra,EURO,,,0.0,
2023-03-12,AD,Andorra,EURO,8.0,47898.0,0.0,159.0
2023-03-13,AD,Andorra,EURO,,,0.0,
2023-03-14,AD,Andorra,EURO,,,0.0,
2023-03-15,AD,Andorra,EURO,,,0.0,
2023-03-16,AD,Andorra,EURO,,,0.0,
2023-03-17,AD,Andorra,EURO,,,0.0,
2023-03-18,AD,Andorra,EURO,,,0.0,
2023-03-19,AD,Andorra,EURO,10.0,47908.0,0.0,159.0
2023-03-20,AD,Andorra,EURO,,,0.0,
2023-03-21,AD,Andorra,EURO,,,0.0,
2023-03-22,AD,Andorra,EURO,,,0.0,
2023-03-23,AD,Andorra,EURO,,,0.0,
2023-03-24,AD,Andorra,EURO,,,0.0,
2023-03-25,AD,Andorra,EURO,,,0.0,
2023-03-26,AD,Andorra,EURO,9.0,47917.0,0.0,159.0
2023-03-27,AD,Andorra,EURO,,,0.0,
2023-03-28,AD,Andorra,EURO,,,0.0,
2023-03-29,AD,Andorra,EURO,,,0.0,
2023-03-30,AD,Andorra,EURO,,,0.0,
2023-03-31,AD,Andorra,EURO,,,0.0,
2023-04-01,AD,Andorra,EURO,,,0.0,
2023-04-02,AD,Andorra,EURO,13.0,47930.0,0.0,159.0
2023-04-03,AD,Andorra,EURO,,,0.0,
2023-04-04,AD,Andorra,EURO,,,0.0,
2023-04-05,AD,Andorra,EURO,,,0.0,
2023-04-06,AD,Andorra,EURO,,,0.0,
2023-04-07,AD,Andorra,EURO,,,0.0,
2023-04-08,AD,Andorra,EURO,,,0.0,
2023-04-09,AD,Andorra,EURO,9.0,47939.0,0.0,159.0
2023-04-10,AD,Andorra,EURO,,,0.0,
2023-04-11,AD,Andorra,EURO,,,0.0,
2023-04-12,AD,Andorra,EURO,,,0.0,
2023-04-13,AD,Andorra,EURO,,,0.0,
2023-04-14,AD,Andorra,EURO,,,0.0,
2023-04-15,AD,Andorra,EURO,,,0.0,
2023-04-16,AD,Andorra,EURO,6.0,47945.0,0.0,159.0
2023-04-17,AD,Andorra,EURO,,,0.0,
2023-04-18,AD,Andorra,EURO,,,0.0,
2023-04-19,AD,Andorra,EURO,,,0.0,
2023-04-20,AD,Andorra,EURO,,,0.0,
2023-04-21,AD,Andorra,EURO,,,0.0,
2023-04-22,AD,Andorra,EURO,,,0.0,
2023-04-23,AD,Andorra,EURO,,47945.0,0.0,159.0
2023-04-24,AD,Andorra,EURO,,,0.0,
2023-04-25,AD,Andorra,EURO,,,0.0,
2023-04-26,AD,Andorra,EURO,,,0.0,
2023-04-27,AD,Andorra,EURO,,,0.0,
2023-04-28,AD,Andorra,EURO,,,0.0,
2023-04-29,AD,Andorra,EURO,,,0.0,
2023-04-30,AD,Andorra,EURO,29.0,47974.0,0.0,159.0
2023-05-01,AD,Andorra,EURO,,,0.0,
2023-05-02,AD,Andorra,EURO,,,0.0,
2023-05-03,AD,Andorra,EURO,,,0.0,
2023-05-04,AD,Andorra,EURO,,,0.0,
2023-05-05,AD,Andorra,EURO,,,0.0,
2023-05-06,AD,Andorra,EURO,,,0.0,
2023-05-07,AD,Andorra,EURO,41.0,48015.0,0.0,159.0
2023-05-08,AD,Andorra,EURO,,,0.0,
2023-05-09,AD,Andorra,EURO,,,0.0,
2023-05-10,AD,Andorra,EURO,,,0.0,
2023-05-11,AD,Andorra,EURO,,,0.0,
2023-05-12,AD,Andorra,EURO,,,0.0,
2023-05-13,AD,Andorra,EURO,,,0.0,
2023-05-14,AD,Andorra,EURO,,48015.0,0.0,159.0
2023-05-15,AD,Andorra,EURO,,,0.0,
2023-05-16,AD,Andorra,EURO,,,0.0,
2023-05-17,AD,Andorra,EURO,,,0.0,
2023-05-18,AD,Andorra,EURO,,,0.0,
2023-05-19,AD,Andorra,EURO,,,0.0,
2023-05-20,AD,Andorra,EURO,,,0.0,
2023-05-21,AD,Andorra,EURO,,48015.0,0.0,159.0
2023-05-22,AD,Andorra,EURO,,,0.0,
2023-05-23,AD,Andorra,EURO,,,0.0,
2023-05-24,AD,Andorra,EURO,,,0.0,
2023-05-25,AD,Andorra,EURO,,,0.0,
2023-05-26,AD,Andorra,EURO,,,0.0,
2023-05-27,AD,Andorra,EURO,,,0.0,
2023-05-28,AD,Andorra,EURO,,48015.0,0.0,159.0
2023-05-29,AD,Andorra,EURO,,,0.0,
2023-05-30,AD,Andorra,EURO,,,0.0,
2023-05-31,AD,Andorra,EURO,,,0.0,
2023-06-01,AD,Andorra,EURO,,,0.0,
2023-06-02,AD,Andorra,EURO,,,0.0,
2023-06-03,AD,Andorra,EURO,,,0.0,
2023-06-04,AD,Andorra,EURO,,48015.0,0.0,159.0
2023-06-05,AD,Andorra,EURO,,,0.0,
2023-06-06,AD,Andorra,EURO,,,0.0,
2023-06-07,AD,Andorra,EURO,,,0.0,
2023-06-08,AD,Andorra,EURO,,,0.0,
2023-06-09,AD,Andorra,EURO,,,0.0,
2023-06-10,AD,Andorra,EURO,,,0.0,
2023-06-11,AD,Andorra,EURO,,48015.0,0.0,159.0
2023-06-12,AD,Andorra,EURO,,,0.0,
2023-06-13,AD,Andorra,EURO,,,0.0,
2023-06-14,AD,Andorra,EURO,,,0.0,
2023-06-15,AD,Andorra,EURO,,,0.0,
2023-06-16,AD,Andorra,EURO,,,0.0,
2023-06-17,AD,Andorra,EURO,,,0.0,
2023-06-18,AD,Andorra,EURO,,48015.0,0.0,159.0
2023-06-19,AD,Andorra,EURO,,,0.0,
2023-06-20,AD,Andorra,EURO,,,0.0,
2023-06-21,AD,Andorra,EURO,,,0.0,
2023-06-22,AD,Andorra,EURO,,,0.0,
2023-06-23,AD,Andorra,EURO,,,0.0,
2023-06-24,AD,Andorra,EURO,,,0.0,
2023-06-25,AD,Andorra,EURO,,48015.0,0.0,159.0
2023-06-26,AD,Andorra,EURO,,,0.0,
2023-06-27,AD,Andorra,EURO,,,0.0,
2023-06-28,AD,Andorra,EURO,,,0.0,
2023-06-29,AD,Andorra,EURO,,,0.0,
2023-06-30,AD,Andorra,EURO,,,0.0,
2023-07-01,AD,Andorra,EURO,,,0.0,
2023-07-02,AD,Andorra,EURO,,48015.0,0.0,159.0
2023-07-03,AD,Andorra,EURO,,,0.0,
2023-07-04,AD,Andorra,EURO,,,0.0,
2023-07-05,AD,Andorra,EURO,,,0.0,
2023-07-06,AD,Andorra,EURO,,,0.0,
2023-07-07,AD,Andorra,EURO,,,0.0,
2023-07-08,AD,Andorra,EURO,,,0.0,
2023-07-09,AD,Andorra,EURO,,48015.0,0.0,159.0
2023-07-10,AD,Andorra,EURO,,,0.0,
2023-07-11,AD,Andorra,EURO,,,0.0,
2023-07-12,AD,Andorra,EURO,,,0.0,
2023-07-13,AD,Andorra,EURO,,,0.0,
2023-07-14,AD,Andorra,EURO,,,0.0,
2023-07-15,AD,Andorra,EURO,,,0.0,
2023-07-16,AD,Andorra,EURO,,48015.0,0.0,159.0
2023-07-17,AD,Andorra,EURO,,,0.0,
2023-07-18,AD,Andorra,EURO,,,0.0,
2023-07-19,AD,Andorra,EURO,,,0.0,
2023-07-20,AD,Andorra,EURO,,,0.0,
2023-07-21,AD,Andorra,EURO,,,0.0,
2023-07-22,AD,Andorra,EURO,,,0.0,
2023-07-23,AD,Andorra,EURO,,48015.0,0.0,159.0
2023-07-24,AD,Andorra,EURO,,,0.0,
2023-07-25,AD,Andorra,EURO,,,0.0,
2023-07-26,AD,Andorra,EURO,,,0.0,
2023-07-27,AD,Andorra,EURO,,,0.0,
2023-07-28,AD,Andorra,EURO,,,0.0,
2023-07-29,AD,Andorra,EURO,,,0.0,
2023-07-30,AD,Andorra,EURO,,48015.0,0.0,159.0
2023-07-31,AD,Andorra,EURO,,,0.0,
2023-08-01,AD,Andorra,EURO,,,0.0,
2023-08-02,AD,Andorra,EURO,,,0.0,
2023-08-03,AD,Andorra,EURO,,,0.0,
2023-08-04,AD,Andorra,EURO,,,0.0,
2023-08-05,AD,Andorra,EURO,,,0.0,
2023-08-06,AD,Andorra,EURO,,48015.0,0.0,159.0
2023-08-07,AD,Andorra,EURO,,,0.0,
2023-08-08,AD,Andorra,EURO,,,0.0,
2023-08-09,AD,Andorra,EURO,,,0.0,
2023-08-10,AD,Andorra,EURO,,,0.0,
2023-08-11,AD,Andorra,EURO,,,0.0,
2023-08-12,AD,Andorra,EURO,,,0.0,
2023-08-13,AD,Andorra,EURO,,48015.0,0.0,159.0
2023-08-14,AD,Andorra,EURO,,,0.0,
2023-08-15,AD,Andorra,EURO,,,0.0,
2023-08-16,AD,Andorra,EURO,,,0.0,
2023-08-17,AD,Andorra,EURO,,,0.0,
2023-08-18,AD,Andorra,EURO,,,0.0,
2023-08-19,AD,Andorra,EURO,,,0.0,
2023-08-20,AD,Andorra,EURO,,48015.0,0.0,159.0
2023-08-21,AD,Andorra,EURO,,,0.0,
2023-08-22,AD,Andorra,EURO,,,0.0,
2023-08-23,AD,Andorra,EURO,,,0.0,
2023-08-24,AD,Andorra,EURO,,,0.0,
2023-08-25,AD,Andorra,EURO,,,0.0,
2023-08-26,AD,Andorra,EURO,,,0.0,
2023-08-27,AD,Andorra,EURO,,48015.0,0.0,159.0
2023-08-28,AD,Andorra,EURO,,,0.0,
2023-08-29,AD,Andorra,EURO,,,0.0,
2023-08-30,AD,Andorra,EURO,,,0.0,
2023-08-31,AD,Andorra,EURO,,,0.0,
2023-09-01,AD,Andorra,EURO,,,0.0,
2023-09-02,AD,Andorra,EURO,,,0.0,
2023-09-03,AD,Andorra,EURO,,48015.0,0.0,159.0
2023-09-04,AD,Andorra,EURO,,,0.0,
2023-09-05,AD,Andorra,EURO,,,0.0,
2023-09-06,AD,Andorra,EURO,,,0.0,
2023-09-07,AD,Andorra,EURO,,,0.0,
2023-09-08,AD,Andorra,EURO,,,0.0,
2023-09-09,AD,Andorra,EURO,,,0.0,
2023-09-10,AD,Andorra,EURO,,48015.0,0.0,159.0
2023-09-11,AD,Andorra,EURO,,,0.0,
2023-09-12,AD,Andorra,EURO,,,0.0,
2023-09-13,AD,Andorra,EURO,,,0.0,
2023-09-14,AD,Andorra,EURO,,,0.0,
2023-09-15,AD,Andorra,EURO,,,0.0,
2023-09-16,AD,Andorra,EURO,,,0.0,
2023-09-17,AD,Andorra,EURO,,48015.0,0.0,159.0
2023-09-18,AD,Andorra,EURO,,,0.0,
2023-09-19,AD,Andorra,EURO,,,0.0,
2023-09-20,AD,Andorra,EURO,,,0.0,
2023-09-21,AD,Andorra,EURO,,,0.0,
2023-09-22,AD,Andorra,EURO,,,0.0,
2023-09-23,AD,Andorra,EURO,,,0.0,
2023-09-24,AD,Andorra,EURO,,48015.0,0.0,159.0
2023-09-25,AD,Andorra,EURO,,,0.0,
2023-09-26,AD,Andorra,EURO,,,0.0,
2023-09-27,AD,Andorra,EURO,,,0.0,
2023-09-28,AD,Andorra,EURO,,,0.0,
2023-09-29,AD,Andorra,EURO,,,0.0,
2023-09-30,AD,Andorra,EURO,,,0.0,
2023-10-01,AD,Andorra,EURO,,48015.0,0.0,159.0
2023-10-02,AD,Andorra,EURO,,,0.0,
2023-10-03,AD,Andorra,EURO,,,0.0,
2023-10-04,AD,Andorra,EURO,,,0.0,
2023-10-05,AD,Andorra,EURO,,,0.0,
2023-10-06,AD,Andorra,EURO,,,0.0,
2023-10-07,AD,Andorra,EURO,,,0.0,
2023-10-08,AD,Andorra,EURO,,48015.0,0.0,159.0
2023-10-09,AD,Andorra,EURO,,,0.0,
2023-10-10,AD,Andorra,EURO,,,0.0,
2023-10-11,AD,Andorra,EURO,,,0.0,
2023-10-12,AD,Andorra,EURO,,,0.0,
2023-10-13,AD,Andorra,EURO,,,0.0,
2023-10-14,AD,Andorra,EURO,,,0.0,
2023-10-15,AD,Andorra,EURO,,48015.0,0.0,159.0
2023-10-16,AD,Andorra,EURO,,,0.0,
2023-10-17,AD,Andorra,EURO,,,0.0,
2023-10-18,AD,Andorra,EURO,,,0.0,
2023-10-19,AD,Andorra,EURO,,,0.0,
2023-10-20,AD,Andorra,EURO,,,0.0,
2023-10-21,AD,Andorra,EURO,,,0.0,
2023-10-22,AD,Andorra,EURO,,48015.0,0.0,159.0
2023-10-23,AD,Andorra,EURO,,,0.0,
2023-10-24,AD,Andorra,EURO,,,0.0,
2023-10-25,AD,Andorra,EURO,,,0.0,
2023-10-26,AD,Andorra,EURO,,,0.0,
2023-10-27,AD,Andorra,EURO,,,0.0,
2023-10-28,AD,Andorra,EURO,,,0.0,
2023-10-29,AD,Andorra,EURO,,48015.0,0.0,159.0
2023-10-30,AD,Andorra,EURO,,,0.0,
2023-10-31,AD,Andorra,EURO,,,0.0,
2023-11-01,AD,Andorra,EURO,,,0.0,
2023-11-02,AD,Andorra,EURO,,,0.0,
2023-11-03,AD,Andorra,EURO,,,0.0,
2023-11-04,AD,Andorra,EURO,,,0.0,
2023-11-05,AD,Andorra,EURO,,48015.0,0.0,159.0
2023-11-06,AD,Andorra,EURO,,,0.0,
2023-11-07,AD,Andorra,EURO,,,0.0,
2023-11-08,AD,Andorra,EURO,,,0.0,
2023-11-09,AD,Andorra,EURO,,,0.0,
2023-11-10,AD,Andorra,EURO,,,0.0,
2023-11-11,AD,Andorra,EURO,,,0.0,
2023-11-12,AD,Andorra,EURO,,48015.0,0.0,159.0
2023-11-13,AD,Andorra,EURO,,,0.0,
2023-11-14,AD,Andorra,EURO,,,0.0,
2023-11-15,AD,Andorra,EURO,,,0.0,
2023-11-16,AD,Andorra,EURO,,,0.0,
2023-11-17,AD,Andorra,EURO,,,0.0,
2023-11-18,AD,Andorra,EURO,,,0.0,
2023-11-19,AD,Andorra,EURO,,48015.0,0.0,159.0
2023-11-20,AD,Andorra,EURO,,,0.0,
2023-11-21,AD,Andorra,EURO,,,0.0,
2023-11-22,AD,Andorra,EURO,,,0.0,
2023-11-23,AD,Andorra,EURO,,,0.0,
2023-11-24,AD,Andorra,EURO,,,0.0,
2023-11-25,AD,Andorra,EURO,,,0.0,
2023-11-26,AD,Andorra,EURO,,48015.0,0.0,159.0
2023-11-27,AD,Andorra,EURO,,,0.0,
2023-11-28,AD,Andorra,EURO,,,0.0,
2023-11-29,AD,Andorra,EURO,,,0.0,
2023-11-30,AD,Andorra,EURO,,,0.0,
2023-12-01,AD,Andorra,EURO,,,0.0,
2023-12-02,AD,Andorra,EURO,,,0.0,
2023-12-03,AD,Andorra,EURO,,48015.0,0.0,159.0
2023-12-04,AD,Andorra,EURO,,,0.0,
2023-12-05,AD,Andorra,EURO,,,0.0,
2023-12-06,AD,Andorra,EURO,,,0.0,
2023-12-07,AD,Andorra,EURO,,,0.0,
2023-12-08,AD,Andorra,EURO,,,0.0,
2023-12-09,AD,Andorra,EURO,,,0.0,
2023-12-10,AD,Andorra,EURO,,48015.0,0.0,159.0
2023-12-11,AD,Andorra,EURO,,,0.0,
2023-12-12,AD,Andorra,EURO,,,0.0,
2023-12-13,AD,Andorra,EURO,,,0.0,
2023-12-14,AD,Andorra,EURO,,,0.0,
2023-12-15,AD,Andorra,EURO,,,0.0,
2023-12-16,AD,Andorra,EURO,,,0.0,
2023-12-17,AD,Andorra,EURO,,48015.0,0.0,159.0
2023-12-18,AD,Andorra,EURO,,,0.0,
2023-12-19,AD,Andorra,EURO,,,0.0,
2023-12-20,AD,Andorra,EURO,,,0.0,
2023-12-21,AD,Andorra,EURO,,,0.0,
2023-12-22,AD,Andorra,EURO,,,0.0,
2023-12-23,AD,Andorra,EURO,,,0.0,
2023-12-24,AD,Andorra,EURO,,48015.0,0.0,159.0
2023-12-25,AD,Andorra,EURO,,,0.0,
2023-12-26,AD,Andorra,EURO,,,0.0,
2023-12-27,AD,Andorra,EURO,,,0.0,
2023-12-28,AD,Andorra,EURO,,,0.0,
2023-12-29,AD,Andorra,EURO,,,0.0,
2023-12-30,AD,Andorra,EURO,,,0.0,
2023-12-31,AD,Andorra,EURO,,48015.0,0.0,159.0
2024-01-01,AD,Andorra,EURO,,,0.0,
2024-01-02,AD,Andorra,EURO,,,0.0,
2024-01-03,AD,Andorra,EURO,,,0.0,
2024-01-04,AD,Andorra,EURO,,,0.0,
2024-01-05,AD,Andorra,EURO,,,0.0,
2024-01-06,AD,Andorra,EURO,,,0.0,
2024-01-07,AD,Andorra,EURO,,48015.0,0.0,159.0
2024-01-08,AD,Andorra,EURO,,,0.0,
2024-01-09,AD,Andorra,EURO,,,0.0,
2024-01-10,AD,Andorra,EURO,,,0.0,
2024-01-11,AD,Andorra,EURO,,,0.0,
2024-01-12,AD,Andorra,EURO,,,0.0,
2024-01-13,AD,Andorra,EURO,,,0.0,
2024-01-14,AD,Andorra,EURO,,48015.0,0.0,159.0
2024-01-15,AD,Andorra,EURO,,,0.0,
2024-01-16,AD,Andorra,EURO,,,0.0,
2024-01-17,AD,Andorra,EURO,,,0.0,
2024-01-18,AD,Andorra,EURO,,,0.0,
2024-01-19,AD,Andorra,EURO,,,0.0,
2024-01-20,AD,Andorra,EURO,,,0.0,
2024-01-21,AD,Andorra,EURO,,48015.0,0.0,159.0
2024-01-22,AD,Andorra,EURO,,,0.0,
2024-01-23,AD,Andorra,EURO,,,0.0,
2024-01-24,AD,Andorra,EURO,,,0.0,
2024-01-25,AD,Andorra,EURO,,,0.0,
2024-01-26,AD,Andorra,EURO,,,0.0,
2024-01-27,AD,Andorra,EURO,,,0.0,
2024-01-28,AD,Andorra,EURO,,48015.0,0.0,159.0
2024-01-29,AD,Andorra,EURO,,,0.0,
2024-01-30,AD,Andorra,EURO,,,0.0,
2024-01-31,AD,Andorra,EURO,,,0.0,
2024-02-01,AD,Andorra,EURO,,,0.0,
2024-02-02,AD,Andorra,EURO,,,0.0,
2024-02-03,AD,Andorra,EURO,,,0.0,
2024-02-04,AD,Andorra,EURO,,48015.0,0.0,159.0
2024-02-05,AD,Andorra,EURO,,,0.0,
2024-02-06,AD,Andorra,EURO,,,0.0,
2024-02-07,AD,Andorra,EURO,,,0.0,
2024-02-08,AD,Andorra,EURO,,,0.0,
2024-02-09,AD,Andorra,EURO,,,0.0,
2024-02-10,AD,Andorra,EURO,,,0.0,
2024-02-11,AD,Andorra,EURO,,48015.0,0.0,159.0
2024-02-12,AD,Andorra,EURO,,,0.0,
2024-02-13,AD,Andorra,EURO,,,0.0,
2024-02-14,AD,Andorra,EURO,,,0.0,
2024-02-15,AD,Andorra,EURO,,,0.0,
2024-02-16,AD,Andorra,EURO,,,0.0,
2024-02-17,AD,Andorra,EURO,,,0.0,
2024-02-18,AD,Andorra,EURO,,48015.0,0.0,159.0
2024-02-19,AD,Andorra,EURO,,,0.0,
2024-02-20,AD,Andorra,EURO,,,0.0,
2024-02-21,AD,Andorra,EURO,,,0.0,
2024-02-22,AD,Andorra,EURO,,,0.0,
2024-02-23,AD,Andorra,EURO,,,0.0,
2024-02-24,AD,Andorra,EURO,,,0.0,
2024-02-25,AD,Andorra,EURO,,48015.0,0.0,159.0
2024-02-26,AD,Andorra,EURO,,,0.0,
2024-02-27,AD,Andorra,EURO,,,0.0,
2024-02-28,AD,Andorra,EURO,,,0.0,
2024-02-29,AD,Andorra,EURO,,,0.0,
2024-03-01,AD,Andorra,EURO,,,0.0,
2024-03-02,AD,Andorra,EURO,,,0.0,
2024-03-03,AD,Andorra,EURO,,48015.0,0.0,159.0
2024-03-04,AD,Andorra,EURO,,,0.0,
2024-03-05,AD,Andorra,EURO,,,0.0,
2024-03-06,AD,Andorra,EURO,,,0.0,
2024-03-07,AD,Andorra,EURO,,,0.0,
2024-03-08,AD,Andorra,EURO,,,0.0,
2024-03-09,AD,Andorra,EURO,,,0.0,
2024-03-10,AD,Andorra,EURO,,48015.0,0.0,159.0
2024-03-11,AD,Andorra,EURO,,,0.0,
2024-03-12,AD,Andorra,EURO,,,0.0,
2024-03-13,AD,Andorra,EURO,,,0.0,
2024-03-14,AD,Andorra,EURO,,,0.0,
2024-03-15,AD,Andorra,EURO,,,0.0,
2024-03-16,AD,Andorra,EURO,,,0.0,
2024-03-17,AD,Andorra,EURO,,48015.0,0.0,159.0
2024-03-18,AD,Andorra,EURO,,,0.0,
2024-03-19,AD,Andorra,EURO,,,0.0,
2024-03-20,AD,Andorra,EURO,,,0.0,
2024-03-21,AD,Andorra,EURO,,,0.0,
2024-03-22,AD,Andorra,EURO,,,0.0,
2024-03-23,AD,Andorra,EURO,,,0.0,
2024-03-24,AD,Andorra,EURO,,48015.0,0.0,159.0
2024-03-25,AD,Andorra,EURO,,,0.0,
2024-03-26,AD,Andorra,EURO,,,0.0,
2024-03-27,AD,Andorra,EURO,,,0.0,
2024-03-28,AD,Andorra,EURO,,,0.0,
2024-03-29,AD,Andorra,EURO,,,0.0,
2024-03-30,AD,Andorra,EURO,,,0.0,
2024-03-31,AD,Andorra,EURO,,48015.0,0.0,159.0
